연도,경기날짜,경기시간,경기일시,요일,평일_주말,월,주차_ISO,홈팀,방문팀,구장,기상_매핑_지역키,관중수,지점번호,관측도시,일평균기온(°C),일합계강수량(mm),일평균풍속(m/s),일평균상대습도(%)
2024,2024-03-23,,2024-03-23,토,주말,3,12,LG,한화,잠실,서울_잠실,23750,108,서울,13.0,0.1,2.3,66.0
2024,2024-03-23,,2024-03-23,토,주말,3,12,SSG,롯데,문학,인천,23000,112,인천,11.1,,2.5,74.1
2024,2024-03-23,,2024-03-23,토,주말,3,12,NC,두산,창원,경남_창원,17891,155,창원,16.7,2.4,2.1,70.0
2024,2024-03-23,,2024-03-23,토,주말,3,12,KT,삼성,수원,경기_수원,18700,119,수원,12.9,,2.1,78.4
2024,2024-03-23,,2024-03-23,토,주말,3,12,KIA,키움,광주,광주,20500,156,광주,17.4,,1.3,64.9
2024,2024-03-24,,2024-03-24,일,주말,3,12,LG,한화,잠실,서울_잠실,23750,108,서울,16.2,,2.4,42.5
2024,2024-03-24,,2024-03-24,일,주말,3,12,SSG,롯데,문학,인천,23000,112,인천,14.7,,2.6,47.3
2024,2024-03-24,,2024-03-24,일,주말,3,12,NC,두산,창원,경남_창원,14555,155,창원,11.9,2.2,2.0,75.6
2024,2024-03-24,,2024-03-24,일,주말,3,12,KT,삼성,수원,경기_수원,18700,119,수원,15.1,,1.9,70.4
2024,2024-03-26,,2024-03-26,화,평일,3,13,SSG,한화,문학,인천,10541,112,인천,6.3,11.9,3.4,83.0
2024,2024-03-26,,2024-03-26,화,평일,3,13,KIA,롯데,광주,광주,7328,156,광주,8.7,23.0,1.1,96.6
2024,2024-03-26,,2024-03-26,화,평일,3,13,KT,두산,수원,경기_수원,4378,119,수원,7.0,15.7,2.0,78.6
2024,2024-03-26,,2024-03-26,화,평일,3,13,LG,삼성,잠실,서울_잠실,14229,108,서울,7.4,11.5,2.6,77.3
2024,2024-03-26,,2024-03-26,화,평일,3,13,NC,키움,창원,경남_창원,2839,155,창원,8.9,12.8,1.3,76.3
2024,2024-03-27,,2024-03-27,수,평일,3,13,SSG,한화,문학,인천,11005,112,인천,9.2,,2.0,75.9
2024,2024-03-27,,2024-03-27,수,평일,3,13,KIA,롯데,광주,광주,8672,156,광주,10.5,,1.1,86.8
2024,2024-03-27,,2024-03-27,수,평일,3,13,KT,두산,수원,경기_수원,5271,119,수원,9.5,,1.4,72.1
2024,2024-03-27,,2024-03-27,수,평일,3,13,LG,삼성,잠실,서울_잠실,18041,108,서울,10.4,,2.0,68.4
2024,2024-03-27,,2024-03-27,수,평일,3,13,NC,키움,창원,경남_창원,3681,155,창원,10.0,,1.6,73.4
2024,2024-03-28,,2024-03-28,목,평일,3,13,SSG,한화,문학,인천,11755,112,인천,9.9,0.6,2.6,82.3
2024,2024-03-28,,2024-03-28,목,평일,3,13,KT,두산,수원,경기_수원,4304,119,수원,9.7,2.2,1.7,85.1
2024,2024-03-28,,2024-03-28,목,평일,3,13,LG,삼성,잠실,서울_잠실,13420,108,서울,10.3,1.9,1.8,81.8
2024,2024-03-29,,2024-03-29,금,평일,3,13,두산,KIA,잠실,서울_잠실,23750,108,서울,7.6,1.4,2.8,73.0
2024,2024-03-29,,2024-03-29,금,평일,3,13,한화,KT,한밭,기타,12000,133,대전,9.3,0.2,2.5,77.6
2024,2024-03-29,,2024-03-29,금,평일,3,13,키움,LG,고척,서울_고척,8465,108,서울,7.6,1.4,2.8,73.0
2024,2024-03-29,,2024-03-29,금,평일,3,13,롯데,NC,사직,부산,21554,159,부산,12.9,,5.8,69.6
2024,2024-03-29,,2024-03-29,금,평일,3,13,삼성,SSG,대구,대구,21479,143,대구,13.1,,3.3,57.1
2024,2024-03-30,,2024-03-30,토,주말,3,13,두산,KIA,잠실,서울_잠실,23750,108,서울,8.8,,2.4,56.5
2024,2024-03-30,,2024-03-30,토,주말,3,13,한화,KT,한밭,기타,12000,133,대전,10.0,,1.7,66.1
2024,2024-03-30,,2024-03-30,토,주말,3,13,키움,LG,고척,서울_고척,13462,108,서울,8.8,,2.4,56.5
2024,2024-03-30,,2024-03-30,토,주말,3,13,롯데,NC,사직,부산,22754,159,부산,13.7,,3.8,57.9
2024,2024-03-30,,2024-03-30,토,주말,3,13,삼성,SSG,대구,대구,24000,143,대구,11.3,1.3,1.7,53.6
2024,2024-03-31,,2024-03-31,일,주말,3,13,두산,KIA,잠실,서울_잠실,23750,108,서울,10.6,,1.9,39.9
2024,2024-03-31,,2024-03-31,일,주말,3,13,한화,KT,한밭,기타,12000,133,대전,10.9,,1.5,44.9
2024,2024-03-31,,2024-03-31,일,주말,3,13,키움,LG,고척,서울_고척,11822,108,서울,10.6,,1.9,39.9
2024,2024-03-31,,2024-03-31,일,주말,3,13,롯데,NC,사직,부산,21578,159,부산,13.1,,2.2,74.8
2024,2024-03-31,,2024-03-31,일,주말,3,13,삼성,SSG,대구,대구,22886,143,대구,13.2,,1.5,41.6
2024,2024-04-02,,2024-04-02,화,평일,4,14,KT,KIA,수원,경기_수원,9682,119,수원,14.3,,1.2,
2024,2024-04-02,,2024-04-02,화,평일,4,14,한화,롯데,한밭,기타,12000,133,대전,16.1,,1.4,46.5
2024,2024-04-02,,2024-04-02,화,평일,4,14,LG,NC,잠실,서울_잠실,11845,108,서울,15.4,,2.0,37.5
2024,2024-04-02,,2024-04-02,화,평일,4,14,SSG,두산,문학,인천,12379,112,인천,14.2,,2.3,47.4
2024,2024-04-02,,2024-04-02,화,평일,4,14,삼성,키움,대구,대구,8541,143,대구,15.7,2.9,1.5,51.3
2024,2024-04-03,,2024-04-03,수,평일,4,14,KT,KIA,수원,경기_수원,8050,119,수원,14.7,8.5,1.6,79.6
2024,2024-04-03,,2024-04-03,수,평일,4,14,LG,NC,잠실,서울_잠실,10239,108,서울,16.6,,1.8,55.9
2024,2024-04-03,,2024-04-03,수,평일,4,14,SSG,두산,문학,인천,12128,112,인천,14.7,,2.3,55.9
2024,2024-04-04,,2024-04-04,목,평일,4,14,KT,KIA,수원,경기_수원,10722,119,수원,15.0,,2.5,61.1
2024,2024-04-04,,2024-04-04,목,평일,4,14,한화,롯데,한밭,기타,12000,133,대전,13.4,,2.5,71.6
2024,2024-04-04,,2024-04-04,목,평일,4,14,LG,NC,잠실,서울_잠실,11406,108,서울,15.5,,2.9,52.1
2024,2024-04-04,,2024-04-04,목,평일,4,14,SSG,두산,문학,인천,14249,112,인천,14.9,,2.6,57.4
2024,2024-04-04,,2024-04-04,목,평일,4,14,삼성,키움,대구,대구,8193,143,대구,12.4,,3.7,64.6
2024,2024-04-05,,2024-04-05,금,평일,4,14,키움,한화,고척,서울_고척,16000,108,서울,14.0,,2.5,51.3
2024,2024-04-05,,2024-04-05,금,평일,4,14,LG,KT,잠실,서울_잠실,13818,108,서울,14.0,,2.5,51.3
2024,2024-04-05,,2024-04-05,금,평일,4,14,롯데,두산,사직,부산,12289,159,부산,13.5,,3.0,60.8
2024,2024-04-05,,2024-04-05,금,평일,4,14,NC,SSG,창원,경남_창원,5452,155,창원,13.4,,2.0,61.9
2024,2024-04-05,,2024-04-05,금,평일,4,14,KIA,삼성,광주,광주,14233,156,광주,14.3,,0.9,84.4
2024,2024-04-06,,2024-04-06,토,주말,4,14,키움,한화,고척,서울_고척,16000,108,서울,12.7,,1.9,48.6
2024,2024-04-06,,2024-04-06,토,주말,4,14,LG,KT,잠실,서울_잠실,21824,108,서울,12.7,,1.9,48.6
2024,2024-04-06,,2024-04-06,토,주말,4,14,롯데,두산,사직,부산,19208,159,부산,14.3,,2.2,65.9
2024,2024-04-06,,2024-04-06,토,주말,4,14,NC,SSG,창원,경남_창원,11064,155,창원,14.1,,1.0,69.5
2024,2024-04-06,,2024-04-06,토,주말,4,14,KIA,삼성,광주,광주,20500,156,광주,14.2,,0.8,77.0
2024,2024-04-07,,2024-04-07,일,주말,4,14,키움,한화,고척,서울_고척,16000,108,서울,14.8,,2.0,33.4
2024,2024-04-07,,2024-04-07,일,주말,4,14,LG,KT,잠실,서울_잠실,19249,108,서울,14.8,,2.0,33.4
2024,2024-04-07,,2024-04-07,일,주말,4,14,롯데,두산,사직,부산,16755,159,부산,17.1,,2.0,53.5
2024,2024-04-07,,2024-04-07,일,주말,4,14,NC,SSG,창원,경남_창원,8861,155,창원,16.3,,1.7,55.9
2024,2024-04-07,,2024-04-07,일,주말,4,14,KIA,삼성,광주,광주,20500,156,광주,16.8,,0.9,58.0
2024,2024-04-09,,2024-04-09,화,평일,4,15,두산,한화,잠실,서울_잠실,23598,108,서울,15.3,,3.5,32.4
2024,2024-04-09,,2024-04-09,화,평일,4,15,NC,KT,창원,경남_창원,4918,155,창원,14.0,,2.2,53.5
2024,2024-04-09,,2024-04-09,화,평일,4,15,KIA,LG,광주,광주,11817,156,광주,15.8,,2.1,64.8
2024,2024-04-09,,2024-04-09,화,평일,4,15,롯데,삼성,사직,부산,15076,159,부산,13.5,,4.0,54.4
2024,2024-04-09,,2024-04-09,화,평일,4,15,SSG,키움,문학,인천,9468,112,인천,14.6,,3.6,39.9
2024,2024-04-10,,2024-04-10,수,평일,4,15,두산,한화,잠실,서울_잠실,23750,108,서울,13.8,,2.6,62.6
2024,2024-04-10,,2024-04-10,수,평일,4,15,NC,KT,창원,경남_창원,9895,155,창원,12.0,,2.0,62.1
2024,2024-04-10,,2024-04-10,수,평일,4,15,KIA,LG,광주,광주,20500,156,광주,15.4,,1.4,66.8
2024,2024-04-10,,2024-04-10,수,평일,4,15,롯데,삼성,사직,부산,22758,159,부산,12.3,,2.7,61.5
2024,2024-04-10,,2024-04-10,수,평일,4,15,SSG,키움,문학,인천,20511,112,인천,12.6,,2.8,69.6
2024,2024-04-11,,2024-04-11,목,평일,4,15,두산,한화,잠실,서울_잠실,22157,108,서울,15.5,,1.8,61.0
2024,2024-04-11,,2024-04-11,목,평일,4,15,NC,KT,창원,경남_창원,3311,155,창원,14.0,,1.2,72.5
2024,2024-04-11,,2024-04-11,목,평일,4,15,KIA,LG,광주,광주,11475,156,광주,16.1,,1.1,74.1
2024,2024-04-11,,2024-04-11,목,평일,4,15,롯데,삼성,사직,부산,11628,159,부산,14.6,,2.5,71.3
2024,2024-04-11,,2024-04-11,목,평일,4,15,SSG,키움,문학,인천,7250,112,인천,14.4,,1.5,65.0
2024,2024-04-12,,2024-04-12,금,평일,4,15,한화,KIA,한밭,기타,12000,133,대전,17.5,,1.4,55.6
2024,2024-04-12,,2024-04-12,금,평일,4,15,두산,LG,잠실,서울_잠실,19916,108,서울,17.2,,2.1,59.6
2024,2024-04-12,,2024-04-12,금,평일,4,15,키움,롯데,고척,서울_고척,8838,108,서울,17.2,,2.1,59.6
2024,2024-04-12,,2024-04-12,금,평일,4,15,삼성,NC,대구,대구,13104,143,대구,18.0,,1.1,55.1
2024,2024-04-12,,2024-04-12,금,평일,4,15,KT,SSG,수원,경기_수원,6912,119,수원,16.0,,1.5,66.3
2024,2024-04-13,,2024-04-13,토,주말,4,15,한화,KIA,한밭,기타,12000,133,대전,19.3,,1.4,46.9
2024,2024-04-13,,2024-04-13,토,주말,4,15,두산,LG,잠실,서울_잠실,23750,108,서울,19.1,,1.9,52.4
2024,2024-04-13,,2024-04-13,토,주말,4,15,키움,롯데,고척,서울_고척,14197,108,서울,19.1,,1.9,52.4
2024,2024-04-13,,2024-04-13,토,주말,4,15,삼성,NC,대구,대구,24000,143,대구,19.5,,1.5,50.3
2024,2024-04-13,,2024-04-13,토,주말,4,15,KT,SSG,수원,경기_수원,13995,119,수원,16.9,,1.5,62.3
2024,2024-04-14,,2024-04-14,일,주말,4,15,한화,KIA,한밭,기타,12000,133,대전,20.3,,1.4,45.3
2024,2024-04-14,,2024-04-14,일,주말,4,15,두산,LG,잠실,서울_잠실,22586,108,서울,20.8,,1.9,47.1
2024,2024-04-14,,2024-04-14,일,주말,4,15,키움,롯데,고척,서울_고척,12333,108,서울,20.8,,1.9,47.1
2024,2024-04-14,,2024-04-14,일,주말,4,15,삼성,NC,대구,대구,20667,143,대구,19.7,,2.1,45.6
2024,2024-04-14,,2024-04-14,일,주말,4,15,KT,SSG,수원,경기_수원,11280,119,수원,18.6,,1.4,52.1
2024,2024-04-16,,2024-04-16,화,평일,4,16,NC,한화,창원,경남_창원,4658,155,창원,17.4,,1.4,73.1
2024,2024-04-16,,2024-04-16,화,평일,4,16,SSG,KIA,문학,인천,12712,112,인천,10.7,2.3,2.5,94.1
2024,2024-04-16,,2024-04-16,화,평일,4,16,키움,KT,고척,서울_고척,2877,108,서울,13.3,2.3,2.5,82.6
2024,2024-04-16,,2024-04-16,화,평일,4,16,LG,롯데,잠실,서울_잠실,16635,108,서울,13.3,2.3,2.5,82.6
2024,2024-04-16,,2024-04-16,화,평일,4,16,삼성,두산,대구,대구,7793,143,대구,18.0,,2.4,59.6
2024,2024-04-17,,2024-04-17,수,평일,4,16,NC,한화,창원,경남_창원,9921,155,창원,15.8,,2.0,55.6
2024,2024-04-17,,2024-04-17,수,평일,4,16,SSG,KIA,문학,인천,16062,112,인천,12.1,,1.9,77.1
2024,2024-04-17,,2024-04-17,수,평일,4,16,키움,KT,고척,서울_고척,3272,108,서울,15.0,,2.2,65.3
2024,2024-04-17,,2024-04-17,수,평일,4,16,LG,롯데,잠실,서울_잠실,16509,108,서울,15.0,,2.2,65.3
2024,2024-04-17,,2024-04-17,수,평일,4,16,삼성,두산,대구,대구,8393,143,대구,17.0,,1.7,52.5
2024,2024-04-18,,2024-04-18,목,평일,4,16,SSG,KIA,문학,인천,14263,112,인천,14.5,,2.4,65.9
2024,2024-04-18,,2024-04-18,목,평일,4,16,키움,KT,고척,서울_고척,2901,108,서울,17.3,,2.2,53.3
2024,2024-04-18,,2024-04-18,목,평일,4,16,LG,롯데,잠실,서울_잠실,18200,108,서울,17.3,,2.2,53.3
2024,2024-04-18,,2024-04-18,목,평일,4,16,삼성,두산,대구,대구,8697,143,대구,18.0,,1.9,52.5
2024,2024-04-19,,2024-04-19,금,평일,4,16,롯데,KT,사직,부산,10636,159,부산,17.9,,3.2,59.1
2024,2024-04-19,,2024-04-19,금,평일,4,16,SSG,LG,문학,인천,14097,112,인천,15.3,,2.4,60.9
2024,2024-04-19,,2024-04-19,금,평일,4,16,KIA,NC,광주,광주,16889,156,광주,19.1,,0.9,50.8
2024,2024-04-19,,2024-04-19,금,평일,4,16,한화,삼성,한밭,기타,12000,133,대전,18.2,,1.4,45.4
2024,2024-04-19,,2024-04-19,금,평일,4,16,두산,키움,잠실,서울_잠실,10649,108,서울,17.6,,2.1,51.8
2024,2024-04-20,,2024-04-20,토,주말,4,16,KIA,NC,광주,광주,17462,156,광주,16.5,10.0,1.5,85.1
2024,2024-04-20,,2024-04-20,토,주말,4,16,한화,삼성,한밭,기타,12000,133,대전,14.1,3.5,2.0,78.6
2024,2024-04-21,,2024-04-21,일,주말,4,16,롯데,KT,사직,부산,14423,159,부산,15.8,2.1,3.1,87.6
2024,2024-04-21,,2024-04-21,일,주말,4,16,롯데,KT,사직,부산,7582,159,부산,15.8,2.1,3.1,87.6
2024,2024-04-21,,2024-04-21,일,주말,4,16,SSG,LG,문학,인천,19858,112,인천,16.9,,3.7,66.5
2024,2024-04-21,,2024-04-21,일,주말,4,16,SSG,LG,문학,인천,9656,112,인천,16.9,,3.7,66.5
2024,2024-04-21,,2024-04-21,일,주말,4,16,KIA,NC,광주,광주,20500,156,광주,15.6,2.8,0.6,99.0
2024,2024-04-21,,2024-04-21,일,주말,4,16,한화,삼성,한밭,기타,12000,133,대전,16.2,0.1,2.7,72.0
2024,2024-04-21,,2024-04-21,일,주말,4,16,두산,키움,잠실,서울_잠실,13745,108,서울,17.2,,3.8,65.5
2024,2024-04-21,,2024-04-21,일,주말,4,16,두산,키움,잠실,서울_잠실,6197,108,서울,17.2,,3.8,65.5
2024,2024-04-23,,2024-04-23,화,평일,4,17,KT,한화,수원,경기_수원,10887,119,수원,16.3,0.3,2.6,
2024,2024-04-23,,2024-04-23,화,평일,4,17,키움,KIA,고척,서울_고척,10205,108,서울,17.3,,3.6,55.0
2024,2024-04-23,,2024-04-23,화,평일,4,17,삼성,LG,대구,대구,7494,143,대구,14.0,4.5,4.1,72.8
2024,2024-04-23,,2024-04-23,화,평일,4,17,두산,NC,잠실,서울_잠실,5664,108,서울,17.3,,3.6,55.0
2024,2024-04-24,,2024-04-24,수,평일,4,17,KT,한화,수원,경기_수원,12538,119,수원,13.1,18.4,2.5,77.9
2024,2024-04-24,,2024-04-24,수,평일,4,17,키움,KIA,고척,서울_고척,11048,108,서울,13.2,9.0,3.0,80.1
2024,2024-04-24,,2024-04-24,수,평일,4,17,삼성,LG,대구,대구,10159,143,대구,14.2,1.9,2.0,74.9
2024,2024-04-24,,2024-04-24,수,평일,4,17,두산,NC,잠실,서울_잠실,6444,108,서울,13.2,9.0,3.0,80.1
2024,2024-04-24,,2024-04-24,수,평일,4,17,롯데,SSG,사직,부산,8499,159,부산,15.2,,3.0,74.0
2024,2024-04-25,,2024-04-25,목,평일,4,17,KT,한화,수원,경기_수원,11247,119,수원,13.5,,1.5,76.8
2024,2024-04-25,,2024-04-25,목,평일,4,17,키움,KIA,고척,서울_고척,13287,108,서울,14.4,,1.9,75.6
2024,2024-04-25,,2024-04-25,목,평일,4,17,삼성,LG,대구,대구,12012,143,대구,18.5,,2.3,53.9
2024,2024-04-25,,2024-04-25,목,평일,4,17,두산,NC,잠실,서울_잠실,7385,108,서울,14.4,,1.9,75.6
2024,2024-04-25,,2024-04-25,목,평일,4,17,롯데,SSG,사직,부산,10518,159,부산,17.1,,3.6,59.9
2024,2024-04-26,,2024-04-26,금,평일,4,17,LG,KIA,잠실,서울_잠실,23750,108,서울,17.8,,1.9,61.1
2024,2024-04-26,,2024-04-26,금,평일,4,17,SSG,KT,문학,인천,10075,112,인천,15.9,,1.7,74.0
2024,2024-04-26,,2024-04-26,금,평일,4,17,NC,롯데,창원,경남_창원,16573,155,창원,15.9,,1.1,76.3
2024,2024-04-26,,2024-04-26,금,평일,4,17,한화,두산,한밭,기타,12000,133,대전,17.8,,1.3,62.5
2024,2024-04-26,,2024-04-26,금,평일,4,17,키움,삼성,고척,서울_고척,9519,108,서울,17.8,,1.9,61.1
2024,2024-04-27,,2024-04-27,토,주말,4,17,LG,KIA,잠실,서울_잠실,23750,108,서울,18.2,,1.9,56.4
2024,2024-04-27,,2024-04-27,토,주말,4,17,SSG,KT,문학,인천,16957,112,인천,15.3,,2.2,70.1
2024,2024-04-27,,2024-04-27,토,주말,4,17,NC,롯데,창원,경남_창원,17891,155,창원,19.1,,1.4,68.9
2024,2024-04-27,,2024-04-27,토,주말,4,17,한화,두산,한밭,기타,12000,133,대전,18.7,,1.6,49.3
2024,2024-04-27,,2024-04-27,토,주말,4,17,키움,삼성,고척,서울_고척,15073,108,서울,18.2,,1.9,56.4
2024,2024-04-28,,2024-04-28,일,주말,4,17,LG,KIA,잠실,서울_잠실,23750,108,서울,20.7,,1.6,53.5
2024,2024-04-28,,2024-04-28,일,주말,4,17,SSG,KT,문학,인천,13196,112,인천,17.4,,1.9,69.5
2024,2024-04-28,,2024-04-28,일,주말,4,17,NC,롯데,창원,경남_창원,17891,155,창원,18.8,,1.5,69.3
2024,2024-04-28,,2024-04-28,일,주말,4,17,한화,두산,한밭,기타,12000,133,대전,19.9,,1.2,50.0
2024,2024-04-28,,2024-04-28,일,주말,4,17,키움,삼성,고척,서울_고척,13354,108,서울,20.7,,1.6,53.5
2024,2024-04-30,,2024-04-30,화,평일,4,18,KIA,KT,광주,광주,17210,156,광주,16.8,,1.1,87.3
2024,2024-04-30,,2024-04-30,화,평일,4,18,NC,LG,창원,경남_창원,7278,155,창원,17.4,,1.6,80.9
2024,2024-04-30,,2024-04-30,화,평일,4,18,한화,SSG,한밭,기타,12000,133,대전,16.6,,1.7,70.8
2024,2024-04-30,,2024-04-30,화,평일,4,18,두산,삼성,잠실,서울_잠실,20170,108,서울,18.6,,2.2,62.5
2024,2024-04-30,,2024-04-30,화,평일,4,18,롯데,키움,사직,부산,13376,159,부산,16.3,,2.6,82.4
2024,2024-05-01,,2024-05-01,수,평일,5,18,KIA,KT,광주,광주,17402,156,광주,14.8,2.4,0.9,98.8
2024,2024-05-01,,2024-05-01,수,평일,5,18,NC,LG,창원,경남_창원,10397,155,창원,14.8,0.2,2.4,65.8
2024,2024-05-01,,2024-05-01,수,평일,5,18,한화,SSG,한밭,기타,12000,133,대전,16.5,,3.3,50.8
2024,2024-05-01,,2024-05-01,수,평일,5,18,두산,삼성,잠실,서울_잠실,23750,108,서울,18.5,,2.4,46.0
2024,2024-05-01,,2024-05-01,수,평일,5,18,롯데,키움,사직,부산,14791,159,부산,14.1,,3.7,64.3
2024,2024-05-02,,2024-05-02,목,평일,5,18,KIA,KT,광주,광주,16502,156,광주,17.0,,0.8,78.9
2024,2024-05-02,,2024-05-02,목,평일,5,18,NC,LG,창원,경남_창원,6338,155,창원,14.1,,2.0,65.3
2024,2024-05-02,,2024-05-02,목,평일,5,18,한화,SSG,한밭,기타,10890,133,대전,17.0,,2.0,50.5
2024,2024-05-02,,2024-05-02,목,평일,5,18,두산,삼성,잠실,서울_잠실,20395,108,서울,18.1,,2.4,48.4
2024,2024-05-02,,2024-05-02,목,평일,5,18,롯데,키움,사직,부산,12569,159,부산,14.7,,2.5,63.1
2024,2024-05-03,,2024-05-03,금,평일,5,18,KIA,한화,광주,광주,20500,156,광주,19.3,,1.0,58.3
2024,2024-05-03,,2024-05-03,금,평일,5,18,삼성,롯데,대구,대구,24000,143,대구,19.2,,1.5,51.0
2024,2024-05-03,,2024-05-03,금,평일,5,18,SSG,NC,문학,인천,13737,112,인천,17.2,,2.1,58.8
2024,2024-05-03,,2024-05-03,금,평일,5,18,LG,두산,잠실,서울_잠실,23750,108,서울,19.7,,1.9,46.9
2024,2024-05-03,,2024-05-03,금,평일,5,18,KT,키움,수원,경기_수원,8213,119,수원,16.8,,1.5,56.8
2024,2024-05-04,,2024-05-04,토,주말,5,18,KIA,한화,광주,광주,20500,156,광주,20.3,,1.5,71.0
2024,2024-05-04,,2024-05-04,토,주말,5,18,삼성,롯데,대구,대구,24000,143,대구,20.4,,1.7,52.5
2024,2024-05-04,,2024-05-04,토,주말,5,18,SSG,NC,문학,인천,22079,112,인천,18.8,,2.0,51.3
2024,2024-05-04,,2024-05-04,토,주말,5,18,LG,두산,잠실,서울_잠실,23750,108,서울,21.4,,1.9,44.8
2024,2024-05-04,,2024-05-04,토,주말,5,18,KT,키움,수원,경기_수원,14620,119,수원,19.1,,1.6,51.9
2024,2024-05-07,,2024-05-07,화,평일,5,19,키움,두산,고척,서울_고척,7339,108,서울,13.3,2.4,3.0,77.3
2024,2024-05-07,,2024-05-07,화,평일,5,19,LG,SSG,잠실,서울_잠실,13387,108,서울,13.3,2.4,3.0,77.3
2024,2024-05-08,,2024-05-08,수,평일,5,19,롯데,한화,사직,부산,11407,159,부산,13.4,,3.1,70.5
2024,2024-05-08,,2024-05-08,수,평일,5,19,삼성,KIA,대구,대구,15421,143,대구,13.0,1.0,2.2,70.0
2024,2024-05-08,,2024-05-08,수,평일,5,19,KT,NC,수원,경기_수원,4480,119,수원,13.9,,2.1,59.9
2024,2024-05-08,,2024-05-08,수,평일,5,19,키움,두산,고척,서울_고척,6405,108,서울,14.7,,2.3,58.8
2024,2024-05-08,,2024-05-08,수,평일,5,19,LG,SSG,잠실,서울_잠실,15699,108,서울,14.7,,2.3,58.8
2024,2024-05-09,,2024-05-09,목,평일,5,19,롯데,한화,사직,부산,12774,159,부산,15.7,,3.6,65.4
2024,2024-05-09,,2024-05-09,목,평일,5,19,삼성,KIA,대구,대구,16769,143,대구,16.8,,2.0,56.3
2024,2024-05-09,,2024-05-09,목,평일,5,19,KT,NC,수원,경기_수원,6369,119,수원,15.2,,2.3,63.9
2024,2024-05-09,,2024-05-09,목,평일,5,19,키움,두산,고척,서울_고척,8658,108,서울,16.1,,2.9,63.6
2024,2024-05-09,,2024-05-09,목,평일,5,19,LG,SSG,잠실,서울_잠실,16823,108,서울,16.1,,2.9,63.6
2024,2024-05-10,,2024-05-10,금,평일,5,19,두산,KT,잠실,서울_잠실,13013,108,서울,17.9,,2.6,55.6
2024,2024-05-10,,2024-05-10,금,평일,5,19,롯데,LG,사직,부산,15731,159,부산,19.0,,4.5,52.5
2024,2024-05-10,,2024-05-10,금,평일,5,19,KIA,SSG,광주,광주,18895,156,광주,18.1,,1.6,63.6
2024,2024-05-10,,2024-05-10,금,평일,5,19,NC,삼성,창원,경남_창원,12438,155,창원,18.5,,1.9,57.8
2024,2024-05-10,,2024-05-10,금,평일,5,19,한화,키움,한밭,기타,12000,133,대전,17.9,,1.8,51.1
2024,2024-05-11,,2024-05-11,토,주말,5,19,롯데,LG,사직,부산,22758,159,부산,18.8,0.5,6.5,83.3
2024,2024-05-11,,2024-05-11,토,주말,5,19,NC,삼성,창원,경남_창원,17891,155,창원,19.3,2.9,3.3,80.4
2024,2024-05-11,,2024-05-11,토,주말,5,19,한화,키움,한밭,기타,12000,133,대전,18.9,8.5,2.9,69.3
2024,2024-05-12,,2024-05-12,일,주말,5,19,두산,KT,잠실,서울_잠실,16308,108,서울,16.6,,2.7,65.0
2024,2024-05-12,,2024-05-12,일,주말,5,19,두산,KT,잠실,서울_잠실,9026,108,서울,16.6,,2.7,65.0
2024,2024-05-12,,2024-05-12,일,주말,5,19,롯데,LG,사직,부산,18914,159,부산,18.8,26.6,3.3,76.8
2024,2024-05-12,,2024-05-12,일,주말,5,19,KIA,SSG,광주,광주,20500,156,광주,17.3,8.8,1.7,63.3
2024,2024-05-12,,2024-05-12,일,주말,5,19,KIA,SSG,광주,광주,12743,156,광주,17.3,8.8,1.7,63.3
2024,2024-05-12,,2024-05-12,일,주말,5,19,NC,삼성,창원,경남_창원,16181,155,창원,19.4,11.7,1.4,61.9
2024,2024-05-12,,2024-05-12,일,주말,5,19,한화,키움,한밭,기타,12000,133,대전,16.6,3.1,2.1,61.5
2024,2024-05-14,,2024-05-14,화,평일,5,20,KT,롯데,수원,경기_수원,10120,119,수원,17.2,,1.7,56.1
2024,2024-05-14,,2024-05-14,화,평일,5,20,한화,NC,한밭,기타,12000,133,대전,18.5,,1.7,49.5
2024,2024-05-14,,2024-05-14,화,평일,5,20,KIA,두산,광주,광주,18675,156,광주,19.1,,0.9,57.5
2024,2024-05-14,,2024-05-14,화,평일,5,20,SSG,삼성,문학,인천,16595,112,인천,16.9,,2.3,56.0
2024,2024-05-14,,2024-05-14,화,평일,5,20,LG,키움,잠실,서울_잠실,18479,108,서울,18.8,,2.4,43.3
2024,2024-05-15,,2024-05-15,수,평일,5,20,한화,NC,한밭,기타,12000,133,대전,13.7,8.7,2.4,70.8
2024,2024-05-15,,2024-05-15,수,평일,5,20,KIA,두산,광주,광주,20500,156,광주,14.8,0.6,1.3,80.6
2024,2024-05-16,,2024-05-16,목,평일,5,20,KT,롯데,수원,경기_수원,8312,119,수원,13.2,0.5,2.6,63.3
2024,2024-05-16,,2024-05-16,목,평일,5,20,한화,NC,한밭,기타,9522,133,대전,14.2,3.0,3.0,63.6
2024,2024-05-16,,2024-05-16,목,평일,5,20,KIA,두산,광주,광주,15996,156,광주,15.7,,2.2,68.3
2024,2024-05-16,,2024-05-16,목,평일,5,20,SSG,삼성,문학,인천,13791,112,인천,12.9,,3.0,71.4
2024,2024-05-16,,2024-05-16,목,평일,5,20,LG,키움,잠실,서울_잠실,15054,108,서울,13.7,0.1,3.1,61.3
2024,2024-05-17,,2024-05-17,금,평일,5,20,삼성,한화,대구,대구,24000,143,대구,19.1,,1.7,51.8
2024,2024-05-17,,2024-05-17,금,평일,5,20,NC,KIA,창원,경남_창원,12280,155,창원,18.5,,1.9,54.8
2024,2024-05-17,,2024-05-17,금,평일,5,20,KT,LG,수원,경기_수원,11374,119,수원,17.4,,2.0,67.5
2024,2024-05-17,,2024-05-17,금,평일,5,20,두산,롯데,잠실,서울_잠실,23750,108,서울,18.3,,2.2,63.6
2024,2024-05-17,,2024-05-17,금,평일,5,20,키움,SSG,고척,서울_고척,9806,108,서울,18.3,,2.2,63.6
2024,2024-05-18,,2024-05-18,토,주말,5,20,삼성,한화,대구,대구,24000,143,대구,21.4,,1.6,44.6
2024,2024-05-18,,2024-05-18,토,주말,5,20,NC,KIA,창원,경남_창원,17891,155,창원,20.3,,1.5,62.0
2024,2024-05-18,,2024-05-18,토,주말,5,20,KT,LG,수원,경기_수원,18700,119,수원,19.1,,1.7,71.3
2024,2024-05-18,,2024-05-18,토,주말,5,20,두산,롯데,잠실,서울_잠실,23750,108,서울,20.7,,2.0,65.3
2024,2024-05-18,,2024-05-18,토,주말,5,20,키움,SSG,고척,서울_고척,12133,108,서울,20.7,,2.0,65.3
2024,2024-05-19,,2024-05-19,일,주말,5,20,삼성,한화,대구,대구,24000,143,대구,23.0,,1.7,46.5
2024,2024-05-19,,2024-05-19,일,주말,5,20,NC,KIA,창원,경남_창원,16253,155,창원,21.9,,1.5,51.0
2024,2024-05-19,,2024-05-19,일,주말,5,20,KT,LG,수원,경기_수원,15912,119,수원,20.0,,1.7,67.6
2024,2024-05-19,,2024-05-19,일,주말,5,20,두산,롯데,잠실,서울_잠실,23750,108,서울,21.5,,1.9,63.1
2024,2024-05-19,,2024-05-19,일,주말,5,20,키움,SSG,고척,서울_고척,10049,108,서울,21.5,,1.9,63.1
2024,2024-05-21,,2024-05-21,화,평일,5,21,롯데,KIA,사직,부산,14006,159,부산,18.3,,3.2,69.3
2024,2024-05-21,,2024-05-21,화,평일,5,21,삼성,KT,대구,대구,13360,143,대구,17.8,,4.3,69.0
2024,2024-05-21,,2024-05-21,화,평일,5,21,한화,LG,한밭,기타,9335,133,대전,20.5,,1.7,70.9
2024,2024-05-21,,2024-05-21,화,평일,5,21,키움,NC,고척,서울_고척,3940,108,서울,21.7,,1.9,68.1
2024,2024-05-21,,2024-05-21,화,평일,5,21,두산,SSG,잠실,서울_잠실,13917,108,서울,21.7,,1.9,68.1
2024,2024-05-22,,2024-05-22,수,평일,5,21,롯데,KIA,사직,부산,14062,159,부산,18.9,,2.5,66.5
2024,2024-05-22,,2024-05-22,수,평일,5,21,삼성,KT,대구,대구,13232,143,대구,21.7,,1.8,59.5
2024,2024-05-22,,2024-05-22,수,평일,5,21,한화,LG,한밭,기타,9044,133,대전,21.5,,1.5,69.6
2024,2024-05-22,,2024-05-22,수,평일,5,21,키움,NC,고척,서울_고척,4337,108,서울,20.5,,2.3,68.9
2024,2024-05-22,,2024-05-22,수,평일,5,21,두산,SSG,잠실,서울_잠실,12642,108,서울,20.5,,2.3,68.9
2024,2024-05-23,,2024-05-23,목,평일,5,21,롯데,KIA,사직,부산,15844,159,부산,22.6,,3.5,62.5
2024,2024-05-23,,2024-05-23,목,평일,5,21,삼성,KT,대구,대구,13291,143,대구,25.3,,2.2,46.1
2024,2024-05-23,,2024-05-23,목,평일,5,21,한화,LG,한밭,기타,10008,133,대전,22.2,,1.6,64.3
2024,2024-05-23,,2024-05-23,목,평일,5,21,키움,NC,고척,서울_고척,3897,108,서울,20.2,,2.5,67.9
2024,2024-05-23,,2024-05-23,목,평일,5,21,두산,SSG,잠실,서울_잠실,12131,108,서울,20.2,,2.5,67.9
2024,2024-05-24,,2024-05-24,금,평일,5,21,SSG,한화,문학,인천,22451,112,인천,17.5,,1.9,85.5
2024,2024-05-24,,2024-05-24,금,평일,5,21,LG,NC,잠실,서울_잠실,18551,108,서울,20.1,,2.1,75.1
2024,2024-05-24,,2024-05-24,금,평일,5,21,KIA,두산,광주,광주,20500,156,광주,22.3,,1.0,71.3
2024,2024-05-24,,2024-05-24,금,평일,5,21,롯데,삼성,사직,부산,20577,159,부산,21.0,,2.9,61.0
2024,2024-05-24,,2024-05-24,금,평일,5,21,KT,키움,수원,경기_수원,6867,119,수원,18.5,,2.0,76.9
2024,2024-05-25,,2024-05-25,토,주말,5,21,SSG,한화,문학,인천,23000,112,인천,18.4,,1.7,84.9
2024,2024-05-25,,2024-05-25,토,주말,5,21,LG,NC,잠실,서울_잠실,22261,108,서울,21.4,,1.8,62.8
2024,2024-05-25,,2024-05-25,토,주말,5,21,KIA,두산,광주,광주,20500,156,광주,22.0,,1.4,69.1
2024,2024-05-25,,2024-05-25,토,주말,5,21,롯데,삼성,사직,부산,22758,159,부산,19.2,,3.3,56.5
2024,2024-05-25,,2024-05-25,토,주말,5,21,KT,키움,수원,경기_수원,12425,119,수원,19.8,,1.7,67.3
2024,2024-05-26,,2024-05-26,일,주말,5,21,LG,NC,잠실,서울_잠실,17692,108,서울,19.9,8.7,2.7,74.3
2024,2024-05-26,,2024-05-26,일,주말,5,21,KIA,두산,광주,광주,20500,156,광주,20.8,2.5,2.0,81.8
2024,2024-05-26,,2024-05-26,일,주말,5,21,롯데,삼성,사직,부산,22758,159,부산,19.8,9.9,4.5,80.3
2024,2024-05-28,,2024-05-28,화,평일,5,22,NC,KIA,창원,경남_창원,8024,155,창원,20.6,,2.1,51.1
2024,2024-05-28,,2024-05-28,화,평일,5,22,두산,KT,잠실,서울_잠실,8459,108,서울,20.4,,2.5,54.8
2024,2024-05-28,,2024-05-28,화,평일,5,22,SSG,LG,문학,인천,14116,112,인천,19.9,,2.4,57.5
2024,2024-05-28,,2024-05-28,화,평일,5,22,한화,롯데,한밭,기타,11168,133,대전,18.8,,2.0,58.6
2024,2024-05-28,,2024-05-28,화,평일,5,22,삼성,키움,대구,대구,10884,143,대구,18.6,,2.3,56.3
2024,2024-05-29,,2024-05-29,수,평일,5,22,NC,KIA,창원,경남_창원,7994,155,창원,20.0,,1.6,68.3
2024,2024-05-29,,2024-05-29,수,평일,5,22,두산,KT,잠실,서울_잠실,8811,108,서울,21.2,,2.1,51.6
2024,2024-05-29,,2024-05-29,수,평일,5,22,SSG,LG,문학,인천,14413,112,인천,19.4,,2.2,62.4
2024,2024-05-29,,2024-05-29,수,평일,5,22,한화,롯데,한밭,기타,10807,133,대전,20.9,,1.4,56.3
2024,2024-05-29,,2024-05-29,수,평일,5,22,삼성,키움,대구,대구,15080,143,대구,20.9,,1.3,51.9
2024,2024-05-30,,2024-05-30,목,평일,5,22,NC,KIA,창원,경남_창원,7349,155,창원,19.9,0.6,1.2,68.8
2024,2024-05-30,,2024-05-30,목,평일,5,22,두산,KT,잠실,서울_잠실,7915,108,서울,20.7,,1.6,49.1
2024,2024-05-30,,2024-05-30,목,평일,5,22,SSG,LG,문학,인천,15902,112,인천,19.5,,1.5,57.5
2024,2024-05-30,,2024-05-30,목,평일,5,22,한화,롯데,한밭,기타,11405,133,대전,21.1,,1.1,58.4
2024,2024-05-30,,2024-05-30,목,평일,5,22,삼성,키움,대구,대구,12748,143,대구,21.6,,1.1,59.6
2024,2024-05-31,,2024-05-31,금,평일,5,22,삼성,한화,대구,대구,24000,143,대구,24.0,,2.4,43.5
2024,2024-05-31,,2024-05-31,금,평일,5,22,KIA,KT,광주,광주,20500,156,광주,21.1,,1.3,69.8
2024,2024-05-31,,2024-05-31,금,평일,5,22,두산,LG,잠실,서울_잠실,23750,108,서울,20.4,1.0,2.6,60.0
2024,2024-05-31,,2024-05-31,금,평일,5,22,롯데,NC,사직,부산,17760,159,부산,20.3,0.8,3.6,68.3
2024,2024-05-31,,2024-05-31,금,평일,5,22,키움,SSG,고척,서울_고척,5680,108,서울,20.4,1.0,2.6,60.0
2024,2024-06-01,,2024-06-01,토,주말,6,22,삼성,한화,대구,대구,24000,143,대구,22.0,,2.5,52.6
2024,2024-06-01,,2024-06-01,토,주말,6,22,KIA,KT,광주,광주,20500,156,광주,19.5,,1.5,73.8
2024,2024-06-01,,2024-06-01,토,주말,6,22,두산,LG,잠실,서울_잠실,23750,108,서울,20.7,,2.8,61.3
2024,2024-06-01,,2024-06-01,토,주말,6,22,롯데,NC,사직,부산,22758,159,부산,21.4,,2.6,63.1
2024,2024-06-01,,2024-06-01,토,주말,6,22,키움,SSG,고척,서울_고척,10462,108,서울,20.7,,2.8,61.3
2024,2024-06-02,,2024-06-02,일,주말,6,22,삼성,한화,대구,대구,24000,143,대구,20.1,,2.4,61.4
2024,2024-06-02,,2024-06-02,일,주말,6,22,KIA,KT,광주,광주,20500,156,광주,20.7,,1.2,60.1
2024,2024-06-02,,2024-06-02,일,주말,6,22,두산,LG,잠실,서울_잠실,23750,108,서울,20.4,,2.7,51.9
2024,2024-06-02,,2024-06-02,일,주말,6,22,롯데,NC,사직,부산,21896,159,부산,19.6,,2.6,73.0
2024,2024-06-02,,2024-06-02,일,주말,6,22,키움,SSG,고척,서울_고척,8745,108,서울,20.4,,2.7,51.9
2024,2024-06-04,,2024-06-04,화,평일,6,23,KT,한화,수원,경기_수원,11426,119,수원,21.4,,2.1,44.1
2024,2024-06-04,,2024-06-04,화,평일,6,23,KIA,롯데,광주,광주,16158,156,광주,21.6,,1.3,76.1
2024,2024-06-04,,2024-06-04,화,평일,6,23,NC,두산,창원,경남_창원,5448,155,창원,19.4,,1.8,69.0
2024,2024-06-04,,2024-06-04,화,평일,6,23,SSG,삼성,문학,인천,10135,112,인천,22.3,,2.3,43.8
2024,2024-06-04,,2024-06-04,화,평일,6,23,LG,키움,잠실,서울_잠실,14490,108,서울,22.8,,2.4,42.1
2024,2024-06-05,,2024-06-05,수,평일,6,23,KT,한화,수원,경기_수원,14626,119,수원,20.9,,1.6,65.0
2024,2024-06-05,,2024-06-05,수,평일,6,23,KIA,롯데,광주,광주,19045,156,광주,22.4,,1.4,78.4
2024,2024-06-05,,2024-06-05,수,평일,6,23,NC,두산,창원,경남_창원,9892,155,창원,19.8,,1.9,72.6
2024,2024-06-05,,2024-06-05,수,평일,6,23,SSG,삼성,문학,인천,14532,112,인천,21.0,,2.1,65.9
2024,2024-06-05,,2024-06-05,수,평일,6,23,LG,키움,잠실,서울_잠실,16681,108,서울,23.6,,1.9,53.9
2024,2024-06-06,,2024-06-06,목,평일,6,23,KT,한화,수원,경기_수원,18700,119,수원,21.7,,1.6,63.1
2024,2024-06-06,,2024-06-06,목,평일,6,23,KIA,롯데,광주,광주,20500,156,광주,22.1,,1.2,70.8
2024,2024-06-06,,2024-06-06,목,평일,6,23,NC,두산,창원,경남_창원,14517,155,창원,20.1,,1.3,75.5
2024,2024-06-06,,2024-06-06,목,평일,6,23,SSG,삼성,문학,인천,23000,112,인천,21.0,,2.2,70.3
2024,2024-06-06,,2024-06-06,목,평일,6,23,LG,키움,잠실,서울_잠실,23750,108,서울,24.1,,2.0,54.3
2024,2024-06-07,,2024-06-07,금,평일,6,23,두산,KIA,잠실,서울_잠실,23750,108,서울,23.1,0.8,1.9,54.3
2024,2024-06-07,,2024-06-07,금,평일,6,23,KT,LG,수원,경기_수원,13154,119,수원,21.5,,1.4,59.5
2024,2024-06-07,,2024-06-07,금,평일,6,23,한화,NC,한밭,기타,12000,133,대전,22.8,,1.4,56.8
2024,2024-06-07,,2024-06-07,금,평일,6,23,롯데,SSG,사직,부산,20678,159,부산,21.8,,2.4,61.8
2024,2024-06-07,,2024-06-07,금,평일,6,23,키움,삼성,고척,서울_고척,12636,108,서울,23.1,0.8,1.9,54.3
2024,2024-06-08,,2024-06-08,토,주말,6,23,두산,KIA,잠실,서울_잠실,23750,108,서울,20.3,16.9,1.6,79.5
2024,2024-06-08,,2024-06-08,토,주말,6,23,KT,LG,수원,경기_수원,18700,119,수원,19.8,13.4,1.5,79.4
2024,2024-06-08,,2024-06-08,토,주말,6,23,한화,NC,한밭,기타,12000,133,대전,20.5,4.7,1.5,83.5
2024,2024-06-08,,2024-06-08,토,주말,6,23,키움,삼성,고척,서울_고척,16000,108,서울,20.3,16.9,1.6,79.5
2024,2024-06-09,,2024-06-09,일,주말,6,23,두산,KIA,잠실,서울_잠실,23750,108,서울,22.9,,1.8,68.9
2024,2024-06-09,,2024-06-09,일,주말,6,23,KT,LG,수원,경기_수원,13642,119,수원,21.7,,1.5,73.3
2024,2024-06-09,,2024-06-09,일,주말,6,23,한화,NC,한밭,기타,12000,133,대전,23.9,,1.3,66.4
2024,2024-06-09,,2024-06-09,일,주말,6,23,롯데,SSG,사직,부산,13700,159,부산,20.2,5.8,1.7,92.0
2024,2024-06-09,,2024-06-09,일,주말,6,23,롯데,SSG,사직,부산,22758,159,부산,20.2,5.8,1.7,92.0
2024,2024-06-09,,2024-06-09,일,주말,6,23,키움,삼성,고척,서울_고척,13509,108,서울,22.9,,1.8,68.9
2024,2024-06-11,,2024-06-11,화,평일,6,24,두산,한화,잠실,서울_잠실,18475,108,서울,25.4,,2.4,62.4
2024,2024-06-11,,2024-06-11,화,평일,6,24,SSG,KIA,문학,인천,16007,112,인천,22.3,,2.6,80.9
2024,2024-06-11,,2024-06-11,화,평일,6,24,NC,KT,창원,경남_창원,4279,155,창원,24.3,,1.5,69.9
2024,2024-06-11,,2024-06-11,화,평일,6,24,삼성,LG,대구,대구,12436,143,대구,27.5,,1.8,54.6
2024,2024-06-11,,2024-06-11,화,평일,6,24,롯데,키움,사직,부산,9948,159,부산,22.7,,3.8,69.6
2024,2024-06-12,,2024-06-12,수,평일,6,24,두산,한화,잠실,서울_잠실,21630,108,서울,24.8,,2.1,60.8
2024,2024-06-12,,2024-06-12,수,평일,6,24,SSG,KIA,문학,인천,16483,112,인천,22.7,,2.3,70.8
2024,2024-06-12,,2024-06-12,수,평일,6,24,NC,KT,창원,경남_창원,4123,155,창원,25.0,,1.3,67.3
2024,2024-06-12,,2024-06-12,수,평일,6,24,삼성,LG,대구,대구,13511,143,대구,27.9,,1.9,49.1
2024,2024-06-12,,2024-06-12,수,평일,6,24,롯데,키움,사직,부산,11390,159,부산,23.8,,3.5,64.6
2024,2024-06-13,,2024-06-13,목,평일,6,24,두산,한화,잠실,서울_잠실,20253,108,서울,26.4,,1.8,51.4
2024,2024-06-13,,2024-06-13,목,평일,6,24,SSG,KIA,문학,인천,18290,112,인천,23.8,,1.9,70.6
2024,2024-06-13,,2024-06-13,목,평일,6,24,NC,KT,창원,경남_창원,3764,155,창원,25.6,,1.6,66.3
2024,2024-06-13,,2024-06-13,목,평일,6,24,삼성,LG,대구,대구,14485,143,대구,27.7,,1.7,51.8
2024,2024-06-13,,2024-06-13,목,평일,6,24,롯데,키움,사직,부산,11941,159,부산,24.9,,2.4,70.8
2024,2024-06-14,,2024-06-14,금,평일,6,24,KT,KIA,수원,경기_수원,18420,119,수원,24.4,,1.9,64.5
2024,2024-06-14,,2024-06-14,금,평일,6,24,LG,롯데,잠실,서울_잠실,23750,108,서울,26.3,,2.3,56.0
2024,2024-06-14,,2024-06-14,금,평일,6,24,키움,두산,고척,서울_고척,8680,108,서울,26.3,,2.3,56.0
2024,2024-06-14,,2024-06-14,금,평일,6,24,한화,SSG,한밭,기타,12000,133,대전,26.6,,1.5,52.9
2024,2024-06-14,,2024-06-14,금,평일,6,24,NC,삼성,창원,경남_창원,12394,155,창원,25.0,,1.8,69.9
2024,2024-06-15,,2024-06-15,토,주말,6,24,KT,KIA,수원,경기_수원,18700,119,수원,23.4,,2.0,74.5
2024,2024-06-15,,2024-06-15,토,주말,6,24,LG,롯데,잠실,서울_잠실,23750,108,서울,24.2,6.1,1.9,72.3
2024,2024-06-15,,2024-06-15,토,주말,6,24,키움,두산,고척,서울_고척,13954,108,서울,24.2,6.1,1.9,72.3
2024,2024-06-15,,2024-06-15,토,주말,6,24,한화,SSG,한밭,기타,12000,133,대전,24.3,2.8,1.5,73.8
2024,2024-06-15,,2024-06-15,토,주말,6,24,NC,삼성,창원,경남_창원,17891,155,창원,26.4,0.6,1.7,68.5
2024,2024-06-16,,2024-06-16,일,주말,6,24,KT,KIA,수원,경기_수원,18700,119,수원,22.6,,2.3,66.1
2024,2024-06-16,,2024-06-16,일,주말,6,24,LG,롯데,잠실,서울_잠실,23750,108,서울,24.3,,2.8,58.4
2024,2024-06-16,,2024-06-16,일,주말,6,24,키움,두산,고척,서울_고척,13184,108,서울,24.3,,2.8,58.4
2024,2024-06-16,,2024-06-16,일,주말,6,24,한화,SSG,한밭,기타,12000,133,대전,24.4,,2.1,59.4
2024,2024-06-16,,2024-06-16,일,주말,6,24,NC,삼성,창원,경남_창원,12860,155,창원,24.8,,1.4,71.8
2024,2024-06-18,,2024-06-18,화,평일,6,25,KIA,LG,광주,광주,18131,156,광주,25.8,,0.9,57.1
2024,2024-06-18,,2024-06-18,화,평일,6,25,KT,롯데,수원,경기_수원,8491,119,수원,23.9,,1.8,65.3
2024,2024-06-18,,2024-06-18,화,평일,6,25,두산,NC,잠실,서울_잠실,9026,108,서울,26.0,,2.1,59.5
2024,2024-06-18,,2024-06-18,화,평일,6,25,삼성,SSG,대구,대구,10426,143,대구,28.3,,2.7,41.6
2024,2024-06-18,,2024-06-18,화,평일,6,25,한화,키움,청주,기타,9000,,,,,,
2024,2024-06-19,,2024-06-19,수,평일,6,25,KIA,LG,광주,광주,15056,156,광주,27.3,,1.5,53.5
2024,2024-06-19,,2024-06-19,수,평일,6,25,KT,롯데,수원,경기_수원,9106,119,수원,26.8,,1.4,61.0
2024,2024-06-19,,2024-06-19,수,평일,6,25,두산,NC,잠실,서울_잠실,11984,108,서울,28.8,,1.6,54.3
2024,2024-06-19,,2024-06-19,수,평일,6,25,삼성,SSG,대구,대구,11488,143,대구,29.3,,1.5,43.0
2024,2024-06-19,,2024-06-19,수,평일,6,25,한화,키움,청주,기타,9000,,,,,,
2024,2024-06-20,,2024-06-20,목,평일,6,25,KIA,LG,광주,광주,14009,156,광주,23.3,,1.1,77.8
2024,2024-06-20,,2024-06-20,목,평일,6,25,KT,롯데,수원,경기_수원,10496,119,수원,26.8,,1.6,50.9
2024,2024-06-20,,2024-06-20,목,평일,6,25,두산,NC,잠실,서울_잠실,10909,108,서울,29.4,,2.0,45.1
2024,2024-06-20,,2024-06-20,목,평일,6,25,삼성,SSG,대구,대구,13024,143,대구,25.0,,1.6,54.0
2024,2024-06-20,,2024-06-20,목,평일,6,25,한화,키움,청주,기타,9000,,,,,,
2024,2024-06-21,,2024-06-21,금,평일,6,25,KIA,한화,광주,광주,20500,156,광주,26.0,,1.5,79.8
2024,2024-06-21,,2024-06-21,금,평일,6,25,LG,KT,잠실,서울_잠실,15537,108,서울,28.1,,2.0,49.8
2024,2024-06-21,,2024-06-21,금,평일,6,25,키움,롯데,고척,서울_고척,11974,108,서울,28.1,,2.0,49.8
2024,2024-06-21,,2024-06-21,금,평일,6,25,SSG,NC,문학,인천,13560,112,인천,24.9,,2.0,67.3
2024,2024-06-21,,2024-06-21,금,평일,6,25,삼성,두산,대구,대구,24000,143,대구,26.2,,1.7,63.0
2024,2024-06-22,,2024-06-22,토,주말,6,25,키움,롯데,고척,서울_고척,16000,108,서울,24.2,16.5,2.0,80.6
2024,2024-06-22,,2024-06-22,토,주말,6,25,SSG,NC,문학,인천,19789,112,인천,23.6,23.1,1.9,84.5
2024,2024-06-23,,2024-06-23,일,주말,6,25,KIA,한화,광주,광주,19085,156,광주,24.0,0.3,1.5,97.0
2024,2024-06-23,,2024-06-23,일,주말,6,25,KIA,한화,광주,광주,18860,156,광주,24.0,0.3,1.5,97.0
2024,2024-06-23,,2024-06-23,일,주말,6,25,LG,KT,잠실,서울_잠실,11417,108,서울,25.1,5.1,2.2,79.5
2024,2024-06-23,,2024-06-23,일,주말,6,25,LG,KT,잠실,서울_잠실,15418,108,서울,25.1,5.1,2.2,79.5
2024,2024-06-23,,2024-06-23,일,주말,6,25,키움,롯데,고척,서울_고척,16000,108,서울,25.1,5.1,2.2,79.5
2024,2024-06-23,,2024-06-23,일,주말,6,25,SSG,NC,문학,인천,17200,112,인천,23.9,1.1,2.5,83.6
2024,2024-06-23,,2024-06-23,일,주말,6,25,삼성,두산,대구,대구,20680,143,대구,26.1,0.1,1.8,77.6
2024,2024-06-23,,2024-06-23,일,주말,6,25,삼성,두산,대구,대구,24000,143,대구,26.1,0.1,1.8,77.6
2024,2024-06-25,,2024-06-25,화,평일,6,26,롯데,KIA,사직,부산,19110,159,부산,23.2,,2.8,62.5
2024,2024-06-25,,2024-06-25,화,평일,6,26,SSG,KT,문학,인천,9629,112,인천,22.3,,3.1,67.3
2024,2024-06-25,,2024-06-25,화,평일,6,26,키움,NC,고척,서울_고척,5159,108,서울,22.9,,3.0,61.9
2024,2024-06-25,,2024-06-25,화,평일,6,26,한화,두산,한밭,기타,11556,133,대전,22.9,,1.8,60.6
2024,2024-06-25,,2024-06-25,화,평일,6,26,LG,삼성,잠실,서울_잠실,21989,108,서울,22.9,,3.0,61.9
2024,2024-06-26,,2024-06-26,수,평일,6,26,롯데,KIA,사직,부산,19755,159,부산,23.5,,2.0,58.0
2024,2024-06-26,,2024-06-26,수,평일,6,26,SSG,KT,문학,인천,10229,112,인천,23.8,,2.0,65.4
2024,2024-06-26,,2024-06-26,수,평일,6,26,키움,NC,고척,서울_고척,4698,108,서울,24.9,,1.9,61.0
2024,2024-06-26,,2024-06-26,수,평일,6,26,한화,두산,한밭,기타,11564,133,대전,24.3,,1.3,60.6
2024,2024-06-26,,2024-06-26,수,평일,6,26,LG,삼성,잠실,서울_잠실,23281,108,서울,24.9,,1.9,61.0
2024,2024-06-27,,2024-06-27,목,평일,6,26,롯데,KIA,사직,부산,12867,159,부산,21.8,1.5,1.6,71.0
2024,2024-06-27,,2024-06-27,목,평일,6,26,SSG,KT,문학,인천,10684,112,인천,24.3,,1.9,66.9
2024,2024-06-27,,2024-06-27,목,평일,6,26,키움,NC,고척,서울_고척,4726,108,서울,26.3,,1.6,55.0
2024,2024-06-27,,2024-06-27,목,평일,6,26,한화,두산,한밭,기타,11128,133,대전,23.7,,1.4,63.5
2024,2024-06-27,,2024-06-27,목,평일,6,26,LG,삼성,잠실,서울_잠실,22114,108,서울,26.3,,1.6,55.0
2024,2024-06-28,,2024-06-28,금,평일,6,26,롯데,한화,사직,부산,22758,159,부산,23.5,1.4,2.9,79.8
2024,2024-06-28,,2024-06-28,금,평일,6,26,NC,LG,창원,경남_창원,13506,155,창원,24.1,,1.9,75.9
2024,2024-06-28,,2024-06-28,금,평일,6,26,두산,SSG,잠실,서울_잠실,17367,108,서울,26.6,,2.1,54.6
2024,2024-06-28,,2024-06-28,금,평일,6,26,KT,삼성,수원,경기_수원,14678,119,수원,24.4,,1.6,64.1
2024,2024-06-28,,2024-06-28,금,평일,6,26,KIA,키움,광주,광주,18601,156,광주,25.0,,1.1,82.1
2024,2024-06-29,,2024-06-29,토,주말,6,26,두산,SSG,잠실,서울_잠실,20020,108,서울,26.7,38.3,2.2,65.1
2024,2024-06-30,,2024-06-30,일,주말,6,26,NC,LG,창원,경남_창원,6991,155,창원,24.3,38.3,2.2,93.4
2024,2024-06-30,,2024-06-30,일,주말,6,26,두산,SSG,잠실,서울_잠실,13985,108,서울,23.5,32.2,3.7,88.5
2024,2024-06-30,,2024-06-30,일,주말,6,26,KT,삼성,수원,경기_수원,8357,119,수원,23.4,17.3,3.6,87.4
2024,2024-06-30,,2024-06-30,일,주말,6,26,KT,삼성,수원,경기_수원,12253,119,수원,23.4,17.3,3.6,87.4
2024,2024-07-02,,2024-07-02,화,평일,7,27,삼성,KIA,대구,대구,13230,143,대구,25.2,22.1,2.9,84.8
2024,2024-07-02,,2024-07-02,화,평일,7,27,한화,KT,한밭,기타,6794,133,대전,24.0,57.0,1.7,90.5
2024,2024-07-02,,2024-07-02,화,평일,7,27,키움,LG,고척,서울_고척,10185,108,서울,23.2,65.1,2.8,90.0
2024,2024-07-03,,2024-07-03,수,평일,7,27,삼성,KIA,대구,대구,17472,143,대구,28.9,12.4,2.7,67.9
2024,2024-07-03,,2024-07-03,수,평일,7,27,한화,KT,한밭,기타,9009,133,대전,25.7,31.9,1.9,79.8
2024,2024-07-03,,2024-07-03,수,평일,7,27,키움,LG,고척,서울_고척,11135,108,서울,24.7,0.8,3.6,80.3
2024,2024-07-03,,2024-07-03,수,평일,7,27,두산,롯데,잠실,서울_잠실,19727,108,서울,24.7,0.8,3.6,80.3
2024,2024-07-03,,2024-07-03,수,평일,7,27,NC,SSG,창원,경남_창원,6384,155,창원,26.3,6.8,2.7,87.4
2024,2024-07-04,,2024-07-04,목,평일,7,27,삼성,KIA,대구,대구,17093,143,대구,29.0,,2.1,64.0
2024,2024-07-04,,2024-07-04,목,평일,7,27,한화,KT,한밭,기타,8330,133,대전,28.1,,2.5,68.9
2024,2024-07-04,,2024-07-04,목,평일,7,27,키움,LG,고척,서울_고척,12819,108,서울,26.8,3.6,3.0,74.8
2024,2024-07-04,,2024-07-04,목,평일,7,27,두산,롯데,잠실,서울_잠실,19372,108,서울,26.8,3.6,3.0,74.8
2024,2024-07-04,,2024-07-04,목,평일,7,27,NC,SSG,창원,경남_창원,6587,155,창원,26.9,,2.8,81.9
2024,2024-07-09,,2024-07-09,화,평일,7,28,키움,한화,고척,서울_고척,14981,108,서울,24.5,0.3,1.8,86.9
2024,2024-07-09,,2024-07-09,화,평일,7,28,LG,KIA,잠실,서울_잠실,22038,108,서울,24.5,0.3,1.8,86.9
2024,2024-07-09,,2024-07-09,화,평일,7,28,SSG,롯데,문학,인천,10051,112,인천,23.2,0.5,1.8,94.3
2024,2024-07-10,,2024-07-10,수,평일,7,28,키움,한화,고척,서울_고척,15096,108,서울,26.6,1.4,2.2,77.1
2024,2024-07-10,,2024-07-10,수,평일,7,28,LG,KIA,잠실,서울_잠실,23750,108,서울,26.6,1.4,2.2,77.1
2024,2024-07-10,,2024-07-10,수,평일,7,28,SSG,롯데,문학,인천,14381,112,인천,26.0,0.6,2.4,79.5
2024,2024-07-10,,2024-07-10,수,평일,7,28,삼성,NC,대구,대구,12507,143,대구,23.9,65.7,2.3,87.6
2024,2024-07-10,,2024-07-10,수,평일,7,28,KT,두산,수원,경기_수원,8079,119,수원,25.9,14.0,2.2,76.5
2024,2024-07-11,,2024-07-11,목,평일,7,28,키움,한화,고척,서울_고척,15205,108,서울,25.7,,2.1,79.6
2024,2024-07-11,,2024-07-11,목,평일,7,28,LG,KIA,잠실,서울_잠실,23750,108,서울,25.7,,2.1,79.6
2024,2024-07-11,,2024-07-11,목,평일,7,28,SSG,롯데,문학,인천,15842,112,인천,23.2,,2.2,87.9
2024,2024-07-11,,2024-07-11,목,평일,7,28,삼성,NC,대구,대구,15075,143,대구,24.6,24.0,1.4,83.0
2024,2024-07-11,,2024-07-11,목,평일,7,28,KT,두산,수원,경기_수원,10182,119,수원,23.9,,1.9,85.4
2024,2024-07-12,,2024-07-12,금,평일,7,28,롯데,KT,사직,부산,21545,159,부산,24.1,,3.1,85.0
2024,2024-07-12,,2024-07-12,금,평일,7,28,한화,LG,한밭,기타,12000,133,대전,26.0,,1.1,77.0
2024,2024-07-12,,2024-07-12,금,평일,7,28,KIA,SSG,광주,광주,17755,156,광주,25.5,,0.9,94.4
2024,2024-07-12,,2024-07-12,금,평일,7,28,두산,삼성,잠실,서울_잠실,22279,108,서울,25.6,,1.6,79.5
2024,2024-07-12,,2024-07-12,금,평일,7,28,NC,키움,창원,경남_창원,8579,155,창원,25.4,,1.7,82.5
2024,2024-07-13,,2024-07-13,토,주말,7,28,롯데,KT,사직,부산,22758,159,부산,24.5,0.5,1.9,82.5
2024,2024-07-13,,2024-07-13,토,주말,7,28,한화,LG,한밭,기타,12000,133,대전,26.3,4.9,1.3,75.5
2024,2024-07-13,,2024-07-13,토,주말,7,28,KIA,SSG,광주,광주,20500,156,광주,25.7,0.8,1.6,93.3
2024,2024-07-13,,2024-07-13,토,주말,7,28,두산,삼성,잠실,서울_잠실,23750,108,서울,28.1,,1.9,70.0
2024,2024-07-13,,2024-07-13,토,주말,7,28,NC,키움,창원,경남_창원,11282,155,창원,24.8,,1.5,82.6
2024,2024-07-14,,2024-07-14,일,주말,7,28,한화,LG,한밭,기타,12000,133,대전,26.2,,3.4,75.9
2024,2024-07-14,,2024-07-14,일,주말,7,28,KIA,SSG,광주,광주,15444,156,광주,24.6,8.6,1.0,98.9
2024,2024-07-14,,2024-07-14,일,주말,7,28,두산,삼성,잠실,서울_잠실,23750,108,서울,28.4,0.4,2.4,65.9
2024,2024-07-16,,2024-07-16,화,평일,7,29,키움,KT,고척,서울_고척,5851,108,서울,27.0,17.0,2.3,78.4
2024,2024-07-16,,2024-07-16,화,평일,7,29,롯데,두산,울산,울산,7833,152,울산,24.1,8.5,0.8,89.9
2024,2024-07-17,,2024-07-17,수,평일,7,29,NC,한화,창원,경남_창원,6870,155,창원,26.6,,2.0,89.6
2024,2024-07-17,,2024-07-17,수,평일,7,29,키움,KT,고척,서울_고척,5085,108,서울,25.4,98.8,2.5,91.6
2024,2024-07-17,,2024-07-17,수,평일,7,29,롯데,두산,울산,울산,9354,152,울산,26.0,,2.1,83.0
2024,2024-07-17,,2024-07-17,수,평일,7,29,LG,SSG,잠실,서울_잠실,11773,108,서울,25.4,98.8,2.5,91.6
2024,2024-07-17,,2024-07-17,수,평일,7,29,KIA,삼성,광주,광주,13904,156,광주,26.7,3.9,2.4,86.8
2024,2024-07-18,,2024-07-18,목,평일,7,29,NC,한화,창원,경남_창원,7550,155,창원,26.9,2.9,3.4,88.8
2024,2024-07-18,,2024-07-18,목,평일,7,29,키움,KT,고척,서울_고척,5040,108,서울,24.3,128.8,2.2,95.3
2024,2024-07-18,,2024-07-18,목,평일,7,29,롯데,두산,울산,울산,9102,152,울산,27.0,,3.2,80.3
2024,2024-07-18,,2024-07-18,목,평일,7,29,KIA,삼성,광주,광주,11429,156,광주,26.4,5.0,2.9,89.9
2024,2024-07-19,,2024-07-19,금,평일,7,29,한화,KIA,한밭,기타,12000,133,대전,25.1,1.4,1.6,88.8
2024,2024-07-19,,2024-07-19,금,평일,7,29,삼성,롯데,대구,대구,24000,143,대구,27.3,1.9,1.5,77.0
2024,2024-07-19,,2024-07-19,금,평일,7,29,KT,NC,수원,경기_수원,7650,119,수원,26.5,,2.0,82.4
2024,2024-07-19,,2024-07-19,금,평일,7,29,LG,두산,잠실,서울_잠실,23750,108,서울,27.0,0.1,2.2,80.1
2024,2024-07-19,,2024-07-19,금,평일,7,29,SSG,키움,문학,인천,12715,112,인천,25.2,0.3,2.4,93.8
2024,2024-07-20,,2024-07-20,토,주말,7,29,한화,KIA,한밭,기타,12000,133,대전,26.0,15.2,1.9,87.0
2024,2024-07-20,,2024-07-20,토,주말,7,29,삼성,롯데,대구,대구,24000,143,대구,26.9,22.7,1.5,79.8
2024,2024-07-21,,2024-07-21,일,주말,7,29,한화,KIA,한밭,기타,12000,133,대전,27.8,1.5,2.1,79.3
2024,2024-07-21,,2024-07-21,일,주말,7,29,삼성,롯데,대구,대구,24000,143,대구,29.7,2.2,2.4,71.1
2024,2024-07-21,,2024-07-21,일,주말,7,29,KT,NC,수원,경기_수원,9188,119,수원,27.1,0.2,3.0,79.6
2024,2024-07-21,,2024-07-21,일,주말,7,29,LG,두산,잠실,서울_잠실,23211,108,서울,26.5,8.5,3.6,83.6
2024,2024-07-21,,2024-07-21,일,주말,7,29,SSG,키움,문학,인천,15369,112,인천,25.6,2.1,4.4,89.8
2024,2024-07-23,,2024-07-23,화,평일,7,30,롯데,LG,사직,부산,18416,159,부산,28.3,0.7,5.8,83.8
2024,2024-07-23,,2024-07-23,화,평일,7,30,KIA,NC,광주,광주,13756,156,광주,28.3,,2.1,70.9
2024,2024-07-23,,2024-07-23,화,평일,7,30,한화,삼성,한밭,기타,11501,133,대전,27.2,3.9,2.2,83.3
2024,2024-07-23,,2024-07-23,화,평일,7,30,두산,키움,잠실,서울_잠실,7292,108,서울,26.4,2.0,3.2,87.9
2024,2024-07-24,,2024-07-24,수,평일,7,30,KIA,NC,광주,광주,13308,156,광주,28.8,4.8,1.7,73.5
2024,2024-07-24,,2024-07-24,수,평일,7,30,KT,SSG,수원,경기_수원,6449,119,수원,27.5,3.0,1.8,87.8
2024,2024-07-24,,2024-07-24,수,평일,7,30,한화,삼성,한밭,기타,11882,133,대전,28.6,2.5,1.5,79.3
2024,2024-07-24,,2024-07-24,수,평일,7,30,두산,키움,잠실,서울_잠실,8887,108,서울,28.1,14.7,2.6,85.0
2024,2024-07-25,,2024-07-25,목,평일,7,30,롯데,LG,사직,부산,20322,159,부산,28.2,1.5,2.6,84.6
2024,2024-07-25,,2024-07-25,목,평일,7,30,KIA,NC,광주,광주,14130,156,광주,29.2,0.2,1.8,74.6
2024,2024-07-25,,2024-07-25,목,평일,7,30,KT,SSG,수원,경기_수원,7067,119,수원,28.8,2.2,1.8,78.9
2024,2024-07-25,,2024-07-25,목,평일,7,30,두산,키움,잠실,서울_잠실,19145,108,서울,28.8,25.3,1.8,79.8
2024,2024-07-26,,2024-07-26,금,평일,7,30,키움,KIA,고척,서울_고척,16000,108,서울,28.7,5.5,2.3,81.9
2024,2024-07-26,,2024-07-26,금,평일,7,30,삼성,KT,대구,대구,21891,143,대구,29.7,,2.3,70.5
2024,2024-07-26,,2024-07-26,금,평일,7,30,NC,롯데,창원,경남_창원,17891,155,창원,28.4,0.1,2.1,83.8
2024,2024-07-26,,2024-07-26,금,평일,7,30,SSG,두산,문학,인천,15006,112,인천,28.8,4.0,2.8,81.8
2024,2024-07-27,,2024-07-27,토,주말,7,30,키움,KIA,고척,서울_고척,16000,108,서울,28.9,33.5,1.7,83.6
2024,2024-07-27,,2024-07-27,토,주말,7,30,삼성,KT,대구,대구,24000,143,대구,29.5,,1.8,73.8
2024,2024-07-27,,2024-07-27,토,주말,7,30,NC,롯데,창원,경남_창원,17891,155,창원,28.9,1.3,2.6,84.5
2024,2024-07-27,,2024-07-27,토,주말,7,30,SSG,두산,문학,인천,19448,112,인천,29.3,,3.6,80.6
2024,2024-07-28,,2024-07-28,일,주말,7,30,LG,한화,잠실,서울_잠실,23750,108,서울,29.2,,3.2,76.0
2024,2024-07-28,,2024-07-28,일,주말,7,30,키움,KIA,고척,서울_고척,16000,108,서울,29.2,,3.2,76.0
2024,2024-07-28,,2024-07-28,일,주말,7,30,삼성,KT,대구,대구,23104,143,대구,30.5,,1.9,67.5
2024,2024-07-28,,2024-07-28,일,주말,7,30,NC,롯데,창원,경남_창원,17891,155,창원,30.0,,2.2,77.3
2024,2024-07-28,,2024-07-28,일,주말,7,30,SSG,두산,문학,인천,17619,112,인천,28.9,,4.4,79.3
2024,2024-07-30,,2024-07-30,화,평일,7,31,KT,한화,수원,경기_수원,14210,119,수원,28.0,,2.2,80.8
2024,2024-07-30,,2024-07-30,화,평일,7,31,SSG,롯데,문학,인천,17550,112,인천,27.0,,2.7,89.5
2024,2024-07-30,,2024-07-30,화,평일,7,31,키움,NC,고척,서울_고척,6925,108,서울,28.6,,2.8,78.8
2024,2024-07-30,,2024-07-30,화,평일,7,31,KIA,두산,광주,광주,20500,156,광주,28.9,,1.5,72.6
2024,2024-07-30,,2024-07-30,화,평일,7,31,LG,삼성,잠실,서울_잠실,22946,108,서울,28.6,,2.8,78.8
2024,2024-07-31,,2024-07-31,수,평일,7,31,KT,한화,수원,경기_수원,14988,119,수원,28.8,,2.1,76.8
2024,2024-07-31,,2024-07-31,수,평일,7,31,SSG,롯데,문학,인천,17563,112,인천,28.3,,2.8,82.6
2024,2024-07-31,,2024-07-31,수,평일,7,31,키움,NC,고척,서울_고척,6918,108,서울,29.4,,2.6,74.5
2024,2024-07-31,,2024-07-31,수,평일,7,31,KIA,두산,광주,광주,18693,156,광주,29.4,,1.6,74.4
2024,2024-07-31,,2024-07-31,수,평일,7,31,LG,삼성,잠실,서울_잠실,23409,108,서울,29.4,,2.6,74.5
2024,2024-08-01,,2024-08-01,목,평일,8,31,KT,한화,수원,경기_수원,15197,119,수원,29.3,,2.0,77.9
2024,2024-08-01,,2024-08-01,목,평일,8,31,SSG,롯데,문학,인천,18828,112,인천,28.7,,2.7,84.6
2024,2024-08-01,,2024-08-01,목,평일,8,31,키움,NC,고척,서울_고척,7306,108,서울,29.9,0.3,2.6,75.5
2024,2024-08-01,,2024-08-01,목,평일,8,31,KIA,두산,광주,광주,20500,156,광주,29.7,,1.7,75.3
2024,2024-08-01,,2024-08-01,목,평일,8,31,LG,삼성,잠실,서울_잠실,23315,108,서울,29.9,0.3,2.6,75.5
2024,2024-08-02,,2024-08-02,금,평일,8,31,한화,KIA,한밭,기타,12000,133,대전,30.3,,2.2,76.0
2024,2024-08-02,,2024-08-02,금,평일,8,31,NC,KT,창원,경남_창원,9845,155,창원,30.7,,1.8,77.8
2024,2024-08-02,,2024-08-02,금,평일,8,31,삼성,SSG,대구,대구,22336,143,대구,31.5,2.4,1.8,69.9
2024,2024-08-02,,2024-08-02,금,평일,8,31,두산,키움,잠실,서울_잠실,13209,108,서울,29.6,,2.6,79.4
2024,2024-08-03,,2024-08-03,토,주말,8,31,한화,KIA,한밭,기타,12000,133,대전,30.7,,1.2,74.5
2024,2024-08-03,,2024-08-03,토,주말,8,31,롯데,LG,울산,울산,9914,152,울산,30.9,,1.6,69.5
2024,2024-08-03,,2024-08-03,토,주말,8,31,삼성,SSG,대구,대구,24000,143,대구,32.1,,1.9,67.9
2024,2024-08-03,,2024-08-03,토,주말,8,31,두산,키움,잠실,서울_잠실,15527,108,서울,30.2,,2.2,75.0
2024,2024-08-04,,2024-08-04,일,주말,8,31,NC,KT,창원,경남_창원,9568,155,창원,29.9,,1.5,83.5
2024,2024-08-04,,2024-08-04,일,주말,8,31,삼성,SSG,대구,대구,20416,143,대구,29.8,,2.2,74.8
2024,2024-08-06,,2024-08-06,화,평일,8,32,삼성,한화,대구,대구,16288,143,대구,29.2,,1.9,72.3
2024,2024-08-06,,2024-08-06,화,평일,8,32,KIA,KT,광주,광주,14457,156,광주,28.6,,0.9,78.3
2024,2024-08-06,,2024-08-06,화,평일,8,32,두산,LG,잠실,서울_잠실,17065,108,서울,29.5,,1.9,74.8
2024,2024-08-06,,2024-08-06,화,평일,8,32,롯데,NC,사직,부산,17068,159,부산,29.4,0.3,2.4,76.4
2024,2024-08-06,,2024-08-06,화,평일,8,32,키움,SSG,고척,서울_고척,8356,108,서울,29.5,,1.9,74.8
2024,2024-08-07,,2024-08-07,수,평일,8,32,삼성,한화,대구,대구,17114,143,대구,31.0,,1.6,66.8
2024,2024-08-07,,2024-08-07,수,평일,8,32,KIA,KT,광주,광주,11625,156,광주,29.7,,0.8,75.5
2024,2024-08-07,,2024-08-07,수,평일,8,32,두산,LG,잠실,서울_잠실,15883,108,서울,29.6,3.4,1.7,72.0
2024,2024-08-07,,2024-08-07,수,평일,8,32,롯데,NC,사직,부산,18425,159,부산,29.4,1.2,2.6,78.5
2024,2024-08-07,,2024-08-07,수,평일,8,32,키움,SSG,고척,서울_고척,7792,108,서울,29.6,3.4,1.7,72.0
2024,2024-08-08,,2024-08-08,목,평일,8,32,삼성,한화,대구,대구,18367,143,대구,28.5,58.0,0.8,75.1
2024,2024-08-08,,2024-08-08,목,평일,8,32,KIA,KT,광주,광주,11011,156,광주,28.6,2.1,0.9,77.3
2024,2024-08-08,,2024-08-08,목,평일,8,32,두산,LG,잠실,서울_잠실,16321,108,서울,28.5,,1.6,77.5
2024,2024-08-08,,2024-08-08,목,평일,8,32,키움,SSG,고척,서울_고척,8000,108,서울,28.5,,1.6,77.5
2024,2024-08-09,,2024-08-09,금,평일,8,32,KT,롯데,수원,경기_수원,11534,119,수원,27.8,,1.4,79.0
2024,2024-08-09,,2024-08-09,금,평일,8,32,LG,NC,잠실,서울_잠실,14131,108,서울,29.3,,1.6,74.1
2024,2024-08-09,,2024-08-09,금,평일,8,32,SSG,두산,문학,인천,12451,112,인천,28.2,,1.5,82.0
2024,2024-08-09,,2024-08-09,금,평일,8,32,KIA,삼성,광주,광주,18448,156,광주,28.5,,0.8,75.5
2024,2024-08-09,,2024-08-09,금,평일,8,32,한화,키움,한밭,기타,11302,133,대전,28.4,,1.0,74.6
2024,2024-08-10,,2024-08-10,토,주말,8,32,KT,롯데,수원,경기_수원,18700,119,수원,28.9,,1.4,75.8
2024,2024-08-10,,2024-08-10,토,주말,8,32,LG,NC,잠실,서울_잠실,19151,108,서울,30.0,,1.7,70.8
2024,2024-08-10,,2024-08-10,토,주말,8,32,SSG,두산,문학,인천,19796,112,인천,29.0,,1.4,76.0
2024,2024-08-10,,2024-08-10,토,주말,8,32,한화,키움,한밭,기타,12000,133,대전,28.7,,1.1,76.5
2024,2024-08-11,,2024-08-11,일,주말,8,32,KT,롯데,수원,경기_수원,13805,119,수원,29.6,,1.6,73.3
2024,2024-08-11,,2024-08-11,일,주말,8,32,LG,NC,잠실,서울_잠실,18902,108,서울,30.8,,1.8,67.8
2024,2024-08-11,,2024-08-11,일,주말,8,32,SSG,두산,문학,인천,16151,112,인천,30.0,,2.2,73.1
2024,2024-08-11,,2024-08-11,일,주말,8,32,KIA,삼성,광주,광주,20500,156,광주,28.8,,1.3,72.5
2024,2024-08-11,,2024-08-11,일,주말,8,32,한화,키움,한밭,기타,12000,133,대전,29.6,,1.6,72.5
2024,2024-08-13,,2024-08-13,화,평일,8,33,키움,KIA,고척,서울_고척,16000,108,서울,31.3,,1.8,70.0
2024,2024-08-13,,2024-08-13,화,평일,8,33,삼성,KT,대구,대구,15109,143,대구,28.0,,2.5,67.8
2024,2024-08-13,,2024-08-13,화,평일,8,33,한화,LG,한밭,기타,11748,133,대전,29.2,19.3,1.9,71.1
2024,2024-08-13,,2024-08-13,화,평일,8,33,NC,SSG,창원,경남_창원,5121,155,창원,28.6,,1.5,70.1
2024,2024-08-14,,2024-08-14,수,평일,8,33,키움,KIA,고척,서울_고척,16000,108,서울,30.0,3.0,1.9,73.0
2024,2024-08-14,,2024-08-14,수,평일,8,33,삼성,KT,대구,대구,20435,143,대구,28.0,,2.7,70.3
2024,2024-08-14,,2024-08-14,수,평일,8,33,한화,LG,한밭,기타,11884,133,대전,29.5,,1.9,64.3
2024,2024-08-14,,2024-08-14,수,평일,8,33,두산,롯데,잠실,서울_잠실,21337,108,서울,30.0,3.0,1.9,73.0
2024,2024-08-15,,2024-08-15,목,평일,8,33,키움,KIA,고척,서울_고척,16000,108,서울,29.2,6.4,1.8,74.6
2024,2024-08-15,,2024-08-15,목,평일,8,33,삼성,KT,대구,대구,24000,143,대구,28.3,,2.9,69.5
2024,2024-08-15,,2024-08-15,목,평일,8,33,한화,LG,한밭,기타,12000,133,대전,29.5,,2.2,66.4
2024,2024-08-15,,2024-08-15,목,평일,8,33,두산,롯데,잠실,서울_잠실,23750,108,서울,29.2,6.4,1.8,74.6
2024,2024-08-15,,2024-08-15,목,평일,8,33,NC,SSG,창원,경남_창원,10389,155,창원,28.0,18.9,1.6,81.3
2024,2024-08-16,,2024-08-16,금,평일,8,33,SSG,한화,문학,인천,21057,112,인천,29.7,,2.0,72.8
2024,2024-08-16,,2024-08-16,금,평일,8,33,LG,KIA,잠실,서울_잠실,23750,108,서울,29.8,,2.0,69.4
2024,2024-08-16,,2024-08-16,금,평일,8,33,KT,두산,수원,경기_수원,11443,119,수원,29.2,,1.7,71.4
2024,2024-08-16,,2024-08-16,금,평일,8,33,NC,삼성,창원,경남_창원,10580,155,창원,28.2,,1.5,78.6
2024,2024-08-16,,2024-08-16,금,평일,8,33,롯데,키움,사직,부산,21181,159,부산,29.6,,2.8,68.0
2024,2024-08-17,,2024-08-17,토,주말,8,33,SSG,한화,문학,인천,23000,112,인천,29.5,,1.9,76.8
2024,2024-08-17,,2024-08-17,토,주말,8,33,LG,KIA,잠실,서울_잠실,23750,108,서울,29.8,11.0,1.7,71.0
2024,2024-08-17,,2024-08-17,토,주말,8,33,KT,두산,수원,경기_수원,16427,119,수원,29.7,,1.7,69.9
2024,2024-08-17,,2024-08-17,토,주말,8,33,NC,삼성,창원,경남_창원,17891,155,창원,28.9,,1.8,74.5
2024,2024-08-17,,2024-08-17,토,주말,8,33,롯데,키움,사직,부산,22758,159,부산,29.3,,2.7,71.5
2024,2024-08-18,,2024-08-18,일,주말,8,33,SSG,한화,문학,인천,22545,112,인천,29.3,,1.8,77.0
2024,2024-08-18,,2024-08-18,일,주말,8,33,LG,KIA,잠실,서울_잠실,23750,108,서울,29.5,,2.0,73.8
2024,2024-08-18,,2024-08-18,일,주말,8,33,KT,두산,수원,경기_수원,12164,119,수원,28.5,,1.6,77.5
2024,2024-08-18,,2024-08-18,일,주말,8,33,NC,삼성,창원,경남_창원,12328,155,창원,28.8,,1.9,72.1
2024,2024-08-18,,2024-08-18,일,주말,8,33,롯데,키움,사직,부산,20740,159,부산,29.1,,2.8,69.5
2024,2024-08-20,,2024-08-20,화,평일,8,34,한화,NC,청주,기타,8429,,,,,,
2024,2024-08-20,,2024-08-20,화,평일,8,34,삼성,두산,포항,기타,10064,138,포항,30.1,8.0,2.4,72.8
2024,2024-08-20,,2024-08-20,화,평일,8,34,LG,SSG,잠실,서울_잠실,12736,108,서울,31.4,,2.3,68.3
2024,2024-08-20,,2024-08-20,화,평일,8,34,KT,키움,수원,경기_수원,5858,119,수원,30.4,,2.6,70.8
2024,2024-08-21,,2024-08-21,수,평일,8,34,KIA,롯데,광주,광주,12625,156,광주,28.8,18.2,2.6,83.1
2024,2024-08-21,,2024-08-21,수,평일,8,34,한화,NC,청주,기타,8102,,,,,,
2024,2024-08-21,,2024-08-21,수,평일,8,34,삼성,두산,포항,기타,10268,138,포항,29.6,1.5,2.5,75.8
2024,2024-08-21,,2024-08-21,수,평일,8,34,LG,SSG,잠실,서울_잠실,12008,108,서울,28.4,42.2,3.2,85.9
2024,2024-08-21,,2024-08-21,수,평일,8,34,KT,키움,수원,경기_수원,6288,119,수원,27.5,50.4,2.6,88.6
2024,2024-08-22,,2024-08-22,목,평일,8,34,KIA,롯데,광주,광주,12693,156,광주,27.8,9.6,2.4,84.9
2024,2024-08-22,,2024-08-22,목,평일,8,34,LG,SSG,잠실,서울_잠실,11917,108,서울,28.6,0.6,3.4,79.9
2024,2024-08-22,,2024-08-22,목,평일,8,34,KT,키움,수원,경기_수원,6181,119,수원,27.9,3.5,3.1,83.3
2024,2024-08-23,,2024-08-23,금,평일,8,34,두산,한화,잠실,서울_잠실,23750,108,서울,28.4,,2.7,73.5
2024,2024-08-23,,2024-08-23,금,평일,8,34,NC,KIA,창원,경남_창원,13524,155,창원,29.3,,1.5,78.6
2024,2024-08-23,,2024-08-23,금,평일,8,34,SSG,KT,문학,인천,10972,112,인천,27.4,0.4,2.8,83.9
2024,2024-08-23,,2024-08-23,금,평일,8,34,키움,LG,고척,서울_고척,13852,108,서울,28.4,,2.7,73.5
2024,2024-08-23,,2024-08-23,금,평일,8,34,삼성,롯데,대구,대구,24000,143,대구,30.3,,1.9,61.3
2024,2024-08-24,,2024-08-24,토,주말,8,34,두산,한화,잠실,서울_잠실,23750,108,서울,27.6,2.0,1.4,78.8
2024,2024-08-24,,2024-08-24,토,주말,8,34,NC,KIA,창원,경남_창원,16489,155,창원,29.5,,1.3,77.4
2024,2024-08-24,,2024-08-24,토,주말,8,34,SSG,KT,문학,인천,17053,112,인천,27.9,,1.9,80.4
2024,2024-08-24,,2024-08-24,토,주말,8,34,키움,LG,고척,서울_고척,16000,108,서울,27.6,2.0,1.4,78.8
2024,2024-08-24,,2024-08-24,토,주말,8,34,삼성,롯데,대구,대구,24000,143,대구,30.4,,1.6,61.6
2024,2024-08-25,,2024-08-25,일,주말,8,34,두산,한화,잠실,서울_잠실,23750,108,서울,28.5,,1.4,76.6
2024,2024-08-25,,2024-08-25,일,주말,8,34,NC,KIA,창원,경남_창원,11712,155,창원,28.8,,1.7,80.3
2024,2024-08-25,,2024-08-25,일,주말,8,34,SSG,KT,문학,인천,16595,112,인천,28.6,,1.5,79.6
2024,2024-08-25,,2024-08-25,일,주말,8,34,키움,LG,고척,서울_고척,16000,108,서울,28.5,,1.4,76.6
2024,2024-08-25,,2024-08-25,일,주말,8,34,삼성,롯데,대구,대구,24000,143,대구,28.9,,2.0,71.4
2024,2024-08-27,,2024-08-27,화,평일,8,35,롯데,한화,사직,부산,18113,159,부산,28.2,,3.1,75.0
2024,2024-08-27,,2024-08-27,화,평일,8,35,LG,KT,잠실,서울_잠실,12678,108,서울,26.5,0.3,1.9,69.8
2024,2024-08-27,,2024-08-27,화,평일,8,35,NC,두산,창원,경남_창원,4814,155,창원,28.0,,1.6,76.1
2024,2024-08-27,,2024-08-27,화,평일,8,35,KIA,SSG,광주,광주,13038,156,광주,26.8,7.6,1.2,84.0
2024,2024-08-27,,2024-08-27,화,평일,8,35,키움,삼성,고척,서울_고척,14421,108,서울,26.5,0.3,1.9,69.8
2024,2024-08-28,,2024-08-28,수,평일,8,35,롯데,한화,사직,부산,22758,159,부산,26.9,1.1,3.8,79.1
2024,2024-08-28,,2024-08-28,수,평일,8,35,LG,KT,잠실,서울_잠실,13848,108,서울,28.2,,2.9,62.1
2024,2024-08-28,,2024-08-28,수,평일,8,35,NC,두산,창원,경남_창원,5869,155,창원,27.4,,3.0,73.4
2024,2024-08-28,,2024-08-28,수,평일,8,35,KIA,SSG,광주,광주,13155,156,광주,27.3,,2.9,73.0
2024,2024-08-28,,2024-08-28,수,평일,8,35,키움,삼성,고척,서울_고척,13929,108,서울,28.2,,2.9,62.1
2024,2024-08-29,,2024-08-29,목,평일,8,35,롯데,한화,사직,부산,19434,159,부산,28.5,3.0,4.6,75.1
2024,2024-08-29,,2024-08-29,목,평일,8,35,LG,KT,잠실,서울_잠실,13832,108,서울,28.4,,3.1,61.0
2024,2024-08-29,,2024-08-29,목,평일,8,35,NC,두산,창원,경남_창원,5985,155,창원,28.9,,3.4,67.8
2024,2024-08-29,,2024-08-29,목,평일,8,35,KIA,SSG,광주,광주,12931,156,광주,29.2,,2.6,63.1
2024,2024-08-29,,2024-08-29,목,평일,8,35,키움,삼성,고척,서울_고척,14903,108,서울,28.4,,3.1,61.0
2024,2024-08-30,,2024-08-30,금,평일,8,35,KT,LG,수원,경기_수원,12128,119,수원,27.2,,1.9,69.3
2024,2024-08-30,,2024-08-30,금,평일,8,35,키움,롯데,고척,서울_고척,15073,108,서울,28.0,,2.4,64.0
2024,2024-08-31,,2024-08-31,토,주말,8,35,삼성,KIA,대구,대구,24000,143,대구,27.6,,3.0,62.8
2024,2024-08-31,,2024-08-31,토,주말,8,35,한화,KT,한밭,기타,12000,133,대전,26.6,,1.5,70.3
2024,2024-08-31,,2024-08-31,토,주말,8,35,두산,롯데,잠실,서울_잠실,23750,108,서울,27.6,,1.9,65.6
2024,2024-08-31,,2024-08-31,토,주말,8,35,SSG,NC,문학,인천,17039,112,인천,26.7,,2.3,73.1
2024,2024-09-01,,2024-09-01,일,주말,9,35,삼성,KIA,대구,대구,24000,143,대구,27.9,,1.6,62.0
2024,2024-09-01,,2024-09-01,일,주말,9,35,두산,롯데,잠실,서울_잠실,23750,108,서울,27.1,,2.0,64.9
2024,2024-09-01,,2024-09-01,일,주말,9,35,SSG,NC,문학,인천,13039,112,인천,26.0,,2.2,73.3
2024,2024-09-03,,2024-09-03,화,평일,9,36,KIA,LG,광주,광주,13089,156,광주,26.8,,1.1,69.8
2024,2024-09-03,,2024-09-03,화,평일,9,36,삼성,롯데,대구,대구,24000,143,대구,24.9,,3.0,65.0
2024,2024-09-03,,2024-09-03,화,평일,9,36,한화,두산,한밭,기타,12000,133,대전,27.1,,3.2,61.3
2024,2024-09-03,,2024-09-03,화,평일,9,36,NC,키움,창원,경남_창원,3394,155,창원,26.1,,2.2,68.3
2024,2024-09-04,,2024-09-04,수,평일,9,36,KIA,한화,광주,광주,15328,156,광주,26.9,,1.3,64.4
2024,2024-09-04,,2024-09-04,수,평일,9,36,롯데,KT,사직,부산,14041,159,부산,26.2,,3.1,67.1
2024,2024-09-04,,2024-09-04,수,평일,9,36,삼성,두산,대구,대구,24000,143,대구,25.4,,2.4,64.0
2024,2024-09-04,,2024-09-04,수,평일,9,36,LG,SSG,잠실,서울_잠실,13229,108,서울,27.9,,2.2,61.4
2024,2024-09-04,,2024-09-04,수,평일,9,36,NC,키움,창원,경남_창원,4956,155,창원,25.7,,1.6,69.4
2024,2024-09-05,,2024-09-05,목,평일,9,36,KIA,한화,광주,광주,16083,156,광주,27.4,,1.1,70.5
2024,2024-09-05,,2024-09-05,목,평일,9,36,롯데,KT,사직,부산,15864,159,부산,27.5,,2.9,67.8
2024,2024-09-05,,2024-09-05,목,평일,9,36,LG,SSG,잠실,서울_잠실,12115,108,서울,26.3,6.9,2.4,79.1
2024,2024-09-05,,2024-09-05,목,평일,9,36,NC,키움,창원,경남_창원,5214,155,창원,27.4,,1.7,70.0
2024,2024-09-06,,2024-09-06,금,평일,9,36,LG,한화,잠실,서울_잠실,23750,108,서울,24.0,0.7,2.6,79.3
2024,2024-09-06,,2024-09-06,금,평일,9,36,NC,KT,창원,경남_창원,5868,155,창원,27.4,,1.5,80.1
2024,2024-09-06,,2024-09-06,금,평일,9,36,롯데,삼성,사직,부산,22464,159,부산,27.9,,2.6,74.0
2024,2024-09-06,,2024-09-06,금,평일,9,36,KIA,키움,광주,광주,17103,156,광주,26.6,5.6,0.9,82.4
2024,2024-09-07,,2024-09-07,토,주말,9,36,LG,한화,잠실,서울_잠실,23750,108,서울,26.5,,1.9,68.9
2024,2024-09-07,,2024-09-07,토,주말,9,36,삼성,NC,대구,대구,24000,143,대구,25.4,4.5,1.4,87.6
2024,2024-09-07,,2024-09-07,토,주말,9,36,KT,두산,수원,경기_수원,18700,119,수원,25.9,,1.6,74.6
2024,2024-09-07,,2024-09-07,토,주말,9,36,롯데,SSG,사직,부산,22758,159,부산,27.8,,2.7,76.8
2024,2024-09-07,,2024-09-07,토,주말,9,36,KIA,키움,광주,광주,20500,156,광주,25.5,6.3,0.6,90.8
2024,2024-09-08,,2024-09-08,일,주말,9,36,LG,한화,잠실,서울_잠실,23750,108,서울,27.2,,1.6,69.6
2024,2024-09-08,,2024-09-08,일,주말,9,36,삼성,NC,대구,대구,24000,143,대구,27.2,0.1,2.6,79.3
2024,2024-09-08,,2024-09-08,일,주말,9,36,롯데,SSG,사직,부산,18116,159,부산,28.7,,2.4,76.4
2024,2024-09-08,,2024-09-08,일,주말,9,36,KIA,키움,광주,광주,20500,156,광주,27.2,,0.7,74.3
2024,2024-09-10,,2024-09-10,화,평일,9,37,SSG,한화,문학,인천,19109,112,인천,28.6,,1.9,72.0
2024,2024-09-10,,2024-09-10,화,평일,9,37,LG,롯데,잠실,서울_잠실,23750,108,서울,29.4,,1.8,67.3
2024,2024-09-10,,2024-09-10,화,평일,9,37,KT,NC,수원,경기_수원,6721,119,수원,28.3,,1.4,71.1
2024,2024-09-10,,2024-09-10,화,평일,9,37,키움,두산,고척,서울_고척,13822,108,서울,29.4,,1.8,67.3
2024,2024-09-11,,2024-09-11,수,평일,9,37,SSG,롯데,문학,인천,16051,112,인천,28.6,3.9,1.9,77.1
2024,2024-09-11,,2024-09-11,수,평일,9,37,KT,NC,수원,경기_수원,5815,119,수원,27.1,2.9,1.3,81.5
2024,2024-09-11,,2024-09-11,수,평일,9,37,한화,삼성,한밭,기타,11670,133,대전,28.1,21.2,1.2,79.8
2024,2024-09-11,,2024-09-11,수,평일,9,37,LG,키움,잠실,서울_잠실,13393,108,서울,29.0,0.4,1.8,71.5
2024,2024-09-12,,2024-09-12,목,평일,9,37,KIA,롯데,광주,광주,20500,156,광주,29.0,,1.3,74.5
2024,2024-09-12,,2024-09-12,목,평일,9,37,KT,NC,수원,경기_수원,5962,119,수원,25.7,34.8,1.1,94.1
2024,2024-09-12,,2024-09-12,목,평일,9,37,한화,삼성,한밭,기타,11719,133,대전,26.5,4.1,1.0,89.9
2024,2024-09-13,,2024-09-13,금,평일,9,37,롯데,한화,사직,부산,19675,159,부산,29.3,,1.8,77.5
2024,2024-09-14,,2024-09-14,토,주말,9,37,롯데,한화,사직,부산,21514,159,부산,29.5,,1.7,75.0
2024,2024-09-14,,2024-09-14,토,주말,9,37,두산,KT,잠실,서울_잠실,23750,108,서울,28.0,,1.7,80.3
2024,2024-09-14,,2024-09-14,토,주말,9,37,NC,LG,창원,경남_창원,15383,155,창원,29.2,,1.6,76.5
2024,2024-09-14,,2024-09-14,토,주말,9,37,SSG,삼성,문학,인천,23000,112,인천,26.8,,2.0,86.5
2024,2024-09-14,,2024-09-14,토,주말,9,37,KIA,키움,광주,광주,20500,156,광주,29.2,,0.8,70.9
2024,2024-09-15,,2024-09-15,일,주말,9,37,롯데,한화,사직,부산,22758,159,부산,28.8,,3.0,76.8
2024,2024-09-15,,2024-09-15,일,주말,9,37,NC,LG,창원,경남_창원,10826,155,창원,29.8,,2.2,72.5
2024,2024-09-15,,2024-09-15,일,주말,9,37,SSG,삼성,문학,인천,23000,112,인천,27.7,,2.2,77.3
2024,2024-09-15,,2024-09-15,일,주말,9,37,KIA,키움,광주,광주,20500,156,광주,29.6,,1.2,71.6
2024,2024-09-16,,2024-09-16,월,평일,9,38,KT,KIA,수원,경기_수원,18700,119,수원,27.6,1.9,2.9,69.1
2024,2024-09-16,,2024-09-16,월,평일,9,38,두산,키움,잠실,서울_잠실,18894,108,서울,26.8,9.5,2.8,74.0
2024,2024-09-17,,2024-09-17,화,평일,9,38,NC,한화,창원,경남_창원,9403,155,창원,29.8,,1.7,76.9
2024,2024-09-17,,2024-09-17,화,평일,9,38,SSG,KIA,문학,인천,23000,112,인천,28.1,,1.9,81.6
2024,2024-09-17,,2024-09-17,화,평일,9,38,키움,KT,고척,서울_고척,11032,108,서울,28.6,,1.7,77.0
2024,2024-09-17,,2024-09-17,화,평일,9,38,롯데,LG,사직,부산,18742,159,부산,29.7,,2.2,79.3
2024,2024-09-17,,2024-09-17,화,평일,9,38,두산,삼성,잠실,서울_잠실,23750,108,서울,28.6,,1.7,77.0
2024,2024-09-18,,2024-09-18,수,평일,9,38,NC,한화,창원,경남_창원,9268,155,창원,29.7,,1.6,75.0
2024,2024-09-18,,2024-09-18,수,평일,9,38,롯데,LG,사직,부산,21147,159,부산,29.9,,2.1,72.6
2024,2024-09-18,,2024-09-18,수,평일,9,38,KT,삼성,수원,경기_수원,18700,119,수원,29.1,,1.6,75.8
2024,2024-09-19,,2024-09-19,목,평일,9,38,NC,한화,창원,경남_창원,6010,155,창원,29.4,,1.8,74.9
2024,2024-09-19,,2024-09-19,목,평일,9,38,두산,KIA,잠실,서울_잠실,23750,108,서울,29.1,,1.7,77.4
2024,2024-09-19,,2024-09-19,목,평일,9,38,롯데,LG,사직,부산,16895,159,부산,30.1,,1.7,74.3
2024,2024-09-19,,2024-09-19,목,평일,9,38,KT,삼성,수원,경기_수원,12617,119,수원,28.4,,1.3,76.1
2024,2024-09-19,,2024-09-19,목,평일,9,38,SSG,키움,문학,인천,14848,112,인천,28.5,,1.7,80.4
2024,2024-09-21,,2024-09-21,토,주말,9,38,LG,두산,잠실,서울_잠실,23236,108,서울,19.3,27.0,4.3,82.3
2024,2024-09-21,,2024-09-21,토,주말,9,38,LG,두산,잠실,서울_잠실,23750,108,서울,19.3,27.0,4.3,82.3
2024,2024-09-21,,2024-09-21,토,주말,9,38,KT,SSG,수원,경기_수원,15805,119,수원,19.4,72.4,2.7,83.5
2024,2024-09-22,,2024-09-22,일,주말,9,38,한화,롯데,한밭,기타,12000,133,대전,21.3,,2.2,75.1
2024,2024-09-22,,2024-09-22,일,주말,9,38,LG,두산,잠실,서울_잠실,23750,108,서울,21.0,,2.7,67.4
2024,2024-09-22,,2024-09-22,일,주말,9,38,KT,SSG,수원,경기_수원,15049,119,수원,21.0,,2.1,67.6
2024,2024-09-22,,2024-09-22,일,주말,9,38,삼성,키움,대구,대구,24000,143,대구,22.1,,2.4,75.8
2024,2024-09-23,,2024-09-23,월,평일,9,39,한화,롯데,한밭,기타,10407,133,대전,21.0,,3.0,59.6
2024,2024-09-23,,2024-09-23,월,평일,9,39,두산,SSG,잠실,서울_잠실,22489,108,서울,20.8,,3.1,58.3
2024,2024-09-23,,2024-09-23,월,평일,9,39,KIA,삼성,광주,광주,20500,156,광주,21.4,2.4,1.4,78.6
2024,2024-09-24,,2024-09-24,화,평일,9,39,키움,한화,고척,서울_고척,16000,108,서울,21.0,,2.2,57.9
2024,2024-09-24,,2024-09-24,화,평일,9,39,SSG,LG,문학,인천,19911,112,인천,21.8,,1.9,56.5
2024,2024-09-24,,2024-09-24,화,평일,9,39,KT,롯데,수원,경기_수원,13304,119,수원,20.5,,2.0,61.3
2024,2024-09-24,,2024-09-24,화,평일,9,39,두산,NC,잠실,서울_잠실,22064,108,서울,21.0,,2.2,57.9
2024,2024-09-24,,2024-09-24,화,평일,9,39,KIA,삼성,광주,광주,20500,156,광주,21.8,,1.1,69.1
2024,2024-09-25,,2024-09-25,수,평일,9,39,LG,한화,잠실,서울_잠실,23750,108,서울,23.3,,1.7,65.6
2024,2024-09-25,,2024-09-25,수,평일,9,39,KIA,롯데,광주,광주,20500,156,광주,23.8,,1.0,70.4
2024,2024-09-25,,2024-09-25,수,평일,9,39,NC,SSG,창원,경남_창원,6157,155,창원,23.2,,1.6,73.4
2024,2024-09-25,,2024-09-25,수,평일,9,39,삼성,키움,대구,대구,24000,143,대구,22.5,,1.6,74.0
2024,2024-09-26,,2024-09-26,목,평일,9,39,롯데,두산,사직,부산,18727,159,부산,25.4,,2.6,70.5
2024,2024-09-26,,2024-09-26,목,평일,9,39,NC,SSG,창원,경남_창원,6377,155,창원,24.4,,1.4,73.3
2024,2024-09-26,,2024-09-26,목,평일,9,39,LG,키움,잠실,서울_잠실,21593,108,서울,23.6,1.2,1.6,75.1
2024,2024-09-27,,2024-09-27,금,평일,9,39,한화,KIA,한밭,기타,12000,133,대전,23.0,,1.3,72.8
2024,2024-09-27,,2024-09-27,금,평일,9,39,롯데,NC,사직,부산,22758,159,부산,25.2,,2.7,75.0
2024,2024-09-27,,2024-09-27,금,평일,9,39,KT,키움,수원,경기_수원,12824,119,수원,22.5,,1.3,73.0
2024,2024-09-28,,2024-09-28,토,주말,9,39,롯데,KIA,사직,부산,22758,159,부산,24.3,0.2,3.4,74.3
2024,2024-09-28,,2024-09-28,토,주말,9,39,삼성,LG,대구,대구,24000,143,대구,21.8,0.1,1.8,81.6
2024,2024-09-28,,2024-09-28,토,주말,9,39,NC,두산,창원,경남_창원,17891,155,창원,24.2,0.1,2.1,72.9
2024,2024-09-28,,2024-09-28,토,주말,9,39,한화,SSG,한밭,기타,12000,133,대전,22.7,,2.8,71.9
2024,2024-09-28,,2024-09-28,토,주말,9,39,KT,키움,수원,경기_수원,18700,119,수원,23.6,,2.7,61.0
2024,2024-09-29,,2024-09-29,일,주말,9,39,한화,NC,한밭,기타,12000,133,대전,22.8,,2.3,64.4
2024,2024-09-30,,2024-09-30,월,평일,9,40,KIA,NC,광주,광주,20500,156,광주,22.8,,1.2,60.9
2024,2024-09-30,,2024-09-30,월,평일,9,40,SSG,키움,문학,인천,23000,112,인천,23.4,,2.0,63.1
2024,2024-10-01,,2024-10-01,화,평일,10,40,NC,롯데,창원,경남_창원,17891,155,창원,23.4,,1.8,66.5
