연도,경기날짜,경기시간,경기일시,요일,평일_주말,월,주차_ISO,홈팀,방문팀,구장,기상_매핑_지역키,관중수,지점번호,관측도시,일평균기온(°C),일합계강수량(mm),일평균풍속(m/s),일평균상대습도(%)
2025,2025-03-22,,2025-03-22,토,주말,3,12,KT,한화,수원,경기_수원,18700,119,수원,12.0,,2.4,55.3
2025,2025-03-22,,2025-03-22,토,주말,3,12,LG,롯데,잠실,서울_잠실,23750,108,서울,12.8,,2.7,53.8
2025,2025-03-22,,2025-03-22,토,주말,3,12,KIA,NC,광주,광주,20500,156,광주,13.7,,1.5,53.8
2025,2025-03-22,,2025-03-22,토,주말,3,12,SSG,두산,문학,인천,23000,112,인천,10.9,,3.6,63.3
2025,2025-03-22,,2025-03-22,토,주말,3,12,삼성,키움,대구,대구,24000,143,대구,17.4,,2.7,26.3
2025,2025-03-23,,2025-03-23,일,주말,3,12,KT,한화,수원,경기_수원,18700,119,수원,13.8,,1.7,52.1
2025,2025-03-23,,2025-03-23,일,주말,3,12,LG,롯데,잠실,서울_잠실,23750,108,서울,15.2,,1.9,49.0
2025,2025-03-23,,2025-03-23,일,주말,3,12,KIA,NC,광주,광주,20500,156,광주,15.7,,1.1,46.8
2025,2025-03-23,,2025-03-23,일,주말,3,12,SSG,두산,문학,인천,23000,112,인천,12.7,,2.8,59.0
2025,2025-03-23,,2025-03-23,일,주말,3,12,삼성,키움,대구,대구,24000,143,대구,17.5,,1.7,33.0
2025,2025-03-25,,2025-03-25,화,평일,3,13,LG,한화,잠실,서울_잠실,23750,108,서울,12.7,,3.3,63.5
2025,2025-03-25,,2025-03-25,화,평일,3,13,SSG,롯데,문학,인천,13860,112,인천,10.0,,4.2,75.3
2025,2025-03-25,,2025-03-25,화,평일,3,13,삼성,NC,대구,대구,21024,143,대구,18.9,,3.0,36.9
2025,2025-03-25,,2025-03-25,화,평일,3,13,KT,두산,수원,경기_수원,8141,119,수원,12.3,,3.4,66.5
2025,2025-03-25,,2025-03-25,화,평일,3,13,KIA,키움,광주,광주,15053,156,광주,16.2,,2.0,55.5
2025,2025-03-26,,2025-03-26,수,평일,3,13,LG,한화,잠실,서울_잠실,23750,108,서울,15.5,,2.2,46.4
2025,2025-03-26,,2025-03-26,수,평일,3,13,SSG,롯데,문학,인천,14855,112,인천,14.3,,2.6,51.1
2025,2025-03-26,,2025-03-26,수,평일,3,13,삼성,NC,대구,대구,24000,143,대구,17.7,,2.2,34.9
2025,2025-03-26,,2025-03-26,수,평일,3,13,KT,두산,수원,경기_수원,9607,119,수원,14.7,,1.9,48.3
2025,2025-03-26,,2025-03-26,수,평일,3,13,KIA,키움,광주,광주,17780,156,광주,17.6,,1.7,45.3
2025,2025-03-27,,2025-03-27,목,평일,3,13,LG,한화,잠실,서울_잠실,23750,108,서울,13.7,0.3,3.2,65.1
2025,2025-03-27,,2025-03-27,목,평일,3,13,SSG,롯데,문학,인천,14155,112,인천,11.2,0.6,3.7,72.6
2025,2025-03-27,,2025-03-27,목,평일,3,13,삼성,NC,대구,대구,20781,143,대구,19.6,1.2,2.5,63.6
2025,2025-03-27,,2025-03-27,목,평일,3,13,KT,두산,수원,경기_수원,9024,119,수원,13.2,0.2,2.7,71.1
2025,2025-03-27,,2025-03-27,목,평일,3,13,KIA,키움,광주,광주,12288,156,광주,15.9,,1.8,72.8
2025,2025-03-28,,2025-03-28,금,평일,3,13,한화,KIA,대전,대전,17000,133,대전,7.5,,3.1,42.1
2025,2025-03-28,,2025-03-28,금,평일,3,13,롯데,KT,사직,부산,22665,159,부산,10.9,0.4,2.3,63.8
2025,2025-03-28,,2025-03-28,금,평일,3,13,NC,LG,창원,경남_창원,15510,155,창원,11.8,,2.0,40.9
2025,2025-03-28,,2025-03-28,금,평일,3,13,키움,SSG,고척,서울_고척,11002,108,서울,6.5,,3.7,41.6
2025,2025-03-28,,2025-03-28,금,평일,3,13,두산,삼성,잠실,서울_잠실,23750,108,서울,6.5,,3.7,41.6
2025,2025-03-29,,2025-03-29,토,주말,3,13,한화,KIA,대전,대전,17000,133,대전,3.9,,2.8,42.6
2025,2025-03-29,,2025-03-29,토,주말,3,13,롯데,KT,사직,부산,22665,159,부산,7.8,,2.9,25.0
2025,2025-03-29,,2025-03-29,토,주말,3,13,NC,LG,창원,경남_창원,17943,155,창원,7.7,,2.3,27.1
2025,2025-03-29,,2025-03-29,토,주말,3,13,키움,SSG,고척,서울_고척,13785,108,서울,3.3,,3.6,40.8
2025,2025-03-29,,2025-03-29,토,주말,3,13,두산,삼성,잠실,서울_잠실,23750,108,서울,3.3,,3.6,40.8
2025,2025-03-30,,2025-03-30,일,주말,3,13,한화,KIA,대전,대전,17000,133,대전,4.4,,2.2,43.9
2025,2025-03-30,,2025-03-30,일,주말,3,13,롯데,KT,사직,부산,22665,159,부산,5.5,,3.2,30.1
2025,2025-03-30,,2025-03-30,일,주말,3,13,키움,SSG,고척,서울_고척,13081,108,서울,3.3,,2.8,51.1
2025,2025-03-30,,2025-03-30,일,주말,3,13,두산,삼성,잠실,서울_잠실,23750,108,서울,3.3,,2.8,51.1
2025,2025-04-02,,2025-04-02,수,평일,4,14,KT,LG,수원,경기_수원,7829,119,수원,7.8,,2.1,62.3
2025,2025-04-02,,2025-04-02,수,평일,4,14,한화,롯데,대전,대전,16252,133,대전,9.6,,1.7,47.9
2025,2025-04-02,,2025-04-02,수,평일,4,14,KIA,삼성,광주,광주,12172,156,광주,9.7,,1.2,54.3
2025,2025-04-02,,2025-04-02,수,평일,4,14,두산,키움,잠실,서울_잠실,8336,108,서울,8.9,,2.4,55.4
2025,2025-04-03,,2025-04-03,목,평일,4,14,KT,LG,수원,경기_수원,8627,119,수원,8.3,,1.8,67.0
2025,2025-04-03,,2025-04-03,목,평일,4,14,한화,롯데,대전,대전,16559,133,대전,10.3,,1.8,57.8
2025,2025-04-03,,2025-04-03,목,평일,4,14,KIA,삼성,광주,광주,12826,156,광주,9.9,,1.3,62.6
2025,2025-04-03,,2025-04-03,목,평일,4,14,두산,키움,잠실,서울_잠실,9131,108,서울,9.8,,2.4,58.6
2025,2025-04-04,,2025-04-04,금,평일,4,14,삼성,한화,대구,대구,24000,143,대구,11.3,,1.7,54.3
2025,2025-04-04,,2025-04-04,금,평일,4,14,LG,KIA,잠실,서울_잠실,23750,108,서울,10.6,,2.2,54.5
2025,2025-04-04,,2025-04-04,금,평일,4,14,SSG,KT,문학,인천,13323,112,인천,8.8,,2.5,68.3
2025,2025-04-04,,2025-04-04,금,평일,4,14,키움,NC,고척,서울_고척,5161,108,서울,10.6,,2.2,54.5
2025,2025-04-04,,2025-04-04,금,평일,4,14,롯데,두산,사직,부산,17293,159,부산,10.8,,3.0,58.0
2025,2025-04-05,,2025-04-05,토,주말,4,14,삼성,한화,대구,대구,24000,143,대구,11.8,,2.0,58.9
2025,2025-04-05,,2025-04-05,토,주말,4,14,키움,NC,고척,서울_고척,8895,108,서울,8.0,22.8,1.9,86.1
2025,2025-04-05,,2025-04-05,토,주말,4,14,롯데,두산,사직,부산,21807,159,부산,11.9,,3.9,65.3
2025,2025-04-06,,2025-04-06,일,주말,4,14,삼성,한화,대구,대구,24000,143,대구,13.2,,3.7,37.9
2025,2025-04-06,,2025-04-06,일,주말,4,14,LG,KIA,잠실,서울_잠실,23750,108,서울,10.3,,2.8,67.3
2025,2025-04-06,,2025-04-06,일,주말,4,14,SSG,KT,문학,인천,18679,112,인천,8.3,,3.1,82.5
2025,2025-04-06,,2025-04-06,일,주말,4,14,키움,NC,고척,서울_고척,7041,108,서울,10.3,,2.8,67.3
2025,2025-04-06,,2025-04-06,일,주말,4,14,롯데,두산,사직,부산,22665,159,부산,12.7,,3.5,43.9
2025,2025-04-08,,2025-04-08,화,평일,4,15,두산,한화,잠실,서울_잠실,20986,108,서울,13.8,,3.1,55.0
2025,2025-04-08,,2025-04-08,화,평일,4,15,롯데,KIA,사직,부산,14038,159,부산,15.8,,5.7,50.5
2025,2025-04-08,,2025-04-08,화,평일,4,15,키움,LG,고척,서울_고척,10452,108,서울,13.8,,3.1,55.0
2025,2025-04-08,,2025-04-08,화,평일,4,15,KT,NC,수원,경기_수원,5233,119,수원,12.4,,2.9,60.0
2025,2025-04-08,,2025-04-08,화,평일,4,15,삼성,SSG,대구,대구,19327,143,대구,17.2,,3.5,35.3
2025,2025-04-09,,2025-04-09,수,평일,4,15,두산,한화,잠실,서울_잠실,19300,108,서울,12.7,0.8,2.0,51.6
2025,2025-04-09,,2025-04-09,수,평일,4,15,롯데,KIA,사직,부산,13551,159,부산,14.3,,2.7,64.5
2025,2025-04-09,,2025-04-09,수,평일,4,15,키움,LG,고척,서울_고척,9967,108,서울,12.7,0.8,2.0,51.6
2025,2025-04-09,,2025-04-09,수,평일,4,15,KT,NC,수원,경기_수원,3667,119,수원,11.6,0.2,1.8,56.1
2025,2025-04-09,,2025-04-09,수,평일,4,15,삼성,SSG,대구,대구,20632,143,대구,14.6,,1.7,53.3
2025,2025-04-10,,2025-04-10,목,평일,4,15,두산,한화,잠실,서울_잠실,21561,108,서울,13.2,,2.2,60.6
2025,2025-04-10,,2025-04-10,목,평일,4,15,롯데,KIA,사직,부산,13726,159,부산,15.4,,3.9,70.4
2025,2025-04-10,,2025-04-10,목,평일,4,15,키움,LG,고척,서울_고척,10627,108,서울,13.2,,2.2,60.6
2025,2025-04-10,,2025-04-10,목,평일,4,15,KT,NC,수원,경기_수원,5086,119,수원,11.9,,1.9,60.4
2025,2025-04-10,,2025-04-10,목,평일,4,15,삼성,SSG,대구,대구,21291,143,대구,15.8,,2.3,53.0
2025,2025-04-11,,2025-04-11,금,평일,4,15,NC,롯데,사직,부산,13728,159,부산,15.0,,2.3,63.6
2025,2025-04-11,,2025-04-11,금,평일,4,15,LG,두산,잠실,서울_잠실,23750,108,서울,16.2,,2.0,51.8
2025,2025-04-11,,2025-04-11,금,평일,4,15,KIA,SSG,광주,광주,20500,156,광주,15.4,,1.2,53.6
2025,2025-04-11,,2025-04-11,금,평일,4,15,KT,삼성,수원,경기_수원,17416,119,수원,13.9,,1.4,61.4
2025,2025-04-11,,2025-04-11,금,평일,4,15,한화,키움,대전,대전,17000,133,대전,16.2,,1.5,47.0
2025,2025-04-12,,2025-04-12,토,주말,4,15,NC,롯데,사직,부산,15222,159,부산,13.3,12.0,2.6,83.3
2025,2025-04-12,,2025-04-12,토,주말,4,15,LG,두산,잠실,서울_잠실,22938,108,서울,12.9,15.4,3.1,66.5
2025,2025-04-12,,2025-04-12,토,주말,4,15,한화,키움,대전,대전,15457,133,대전,14.7,13.0,2.6,57.0
2025,2025-04-13,,2025-04-13,일,주말,4,15,NC,롯데,사직,부산,21003,159,부산,9.8,21.5,7.1,50.3
2025,2025-04-13,,2025-04-13,일,주말,4,15,LG,두산,잠실,서울_잠실,23750,108,서울,5.5,4.2,4.2,71.1
2025,2025-04-13,,2025-04-13,일,주말,4,15,KIA,SSG,광주,광주,20500,156,광주,7.5,0.9,3.1,59.9
2025,2025-04-13,,2025-04-13,일,주말,4,15,KT,삼성,수원,경기_수원,18700,119,수원,5.6,4.3,3.9,69.5
2025,2025-04-13,,2025-04-13,일,주말,4,15,한화,키움,대전,대전,17000,133,대전,5.8,5.2,2.5,68.1
2025,2025-04-15,,2025-04-15,화,평일,4,16,SSG,한화,문학,인천,15618,112,인천,7.7,,3.5,77.4
2025,2025-04-15,,2025-04-15,화,평일,4,16,KIA,KT,광주,광주,10979,156,광주,9.7,0.4,1.6,64.4
2025,2025-04-15,,2025-04-15,화,평일,4,16,LG,삼성,잠실,서울_잠실,23750,108,서울,8.2,,2.7,70.3
2025,2025-04-15,,2025-04-15,화,평일,4,16,롯데,키움,사직,부산,9714,159,부산,10.9,,4.2,53.9
2025,2025-04-16,,2025-04-16,수,평일,4,16,SSG,한화,문학,인천,16785,112,인천,14.1,,3.6,63.6
2025,2025-04-16,,2025-04-16,수,평일,4,16,KIA,KT,광주,광주,12423,156,광주,15.8,,1.9,60.0
2025,2025-04-16,,2025-04-16,수,평일,4,16,LG,삼성,잠실,서울_잠실,23750,108,서울,14.6,,2.5,58.0
2025,2025-04-16,,2025-04-16,수,평일,4,16,롯데,키움,사직,부산,11679,159,부산,14.4,,4.1,59.9
2025,2025-04-17,,2025-04-17,목,평일,4,16,SSG,한화,문학,인천,18098,112,인천,17.6,,3.8,74.5
2025,2025-04-17,,2025-04-17,목,평일,4,16,KIA,KT,광주,광주,12104,156,광주,20.6,,3.0,67.5
2025,2025-04-17,,2025-04-17,목,평일,4,16,LG,삼성,잠실,서울_잠실,23750,108,서울,19.7,,2.6,63.5
2025,2025-04-17,,2025-04-17,목,평일,4,16,롯데,키움,사직,부산,11812,159,부산,16.9,,6.8,85.5
2025,2025-04-18,,2025-04-18,금,평일,4,16,두산,KIA,잠실,서울_잠실,23750,108,서울,18.6,,2.4,67.9
2025,2025-04-18,,2025-04-18,금,평일,4,16,키움,KT,고척,서울_고척,4666,108,서울,18.6,,2.4,67.9
2025,2025-04-18,,2025-04-18,금,평일,4,16,SSG,LG,문학,인천,18091,112,인천,14.7,,2.4,82.9
2025,2025-04-18,,2025-04-18,금,평일,4,16,삼성,롯데,대구,대구,24000,143,대구,21.7,,1.7,65.3
2025,2025-04-18,,2025-04-18,금,평일,4,16,한화,NC,대전,대전,17000,133,대전,21.4,,2.6,63.5
2025,2025-04-19,,2025-04-19,토,주말,4,16,두산,KIA,잠실,서울_잠실,23750,108,서울,15.3,9.2,3.0,89.1
2025,2025-04-19,,2025-04-19,토,주말,4,16,키움,KT,고척,서울_고척,8281,108,서울,15.3,9.2,3.0,89.1
2025,2025-04-19,,2025-04-19,토,주말,4,16,SSG,LG,문학,인천,18727,112,인천,13.4,10.2,3.5,96.9
2025,2025-04-19,,2025-04-19,토,주말,4,16,삼성,롯데,대구,대구,24000,143,대구,21.4,,2.0,65.6
2025,2025-04-19,,2025-04-19,토,주말,4,16,한화,NC,대전,대전,17000,133,대전,20.8,4.2,2.4,70.5
2025,2025-04-20,,2025-04-20,일,주말,4,16,두산,KIA,잠실,서울_잠실,23750,108,서울,16.7,,1.7,70.0
2025,2025-04-20,,2025-04-20,일,주말,4,16,키움,KT,고척,서울_고척,6859,108,서울,16.7,,1.7,70.0
2025,2025-04-20,,2025-04-20,일,주말,4,16,SSG,LG,문학,인천,23000,112,인천,14.2,,2.0,78.6
2025,2025-04-20,,2025-04-20,일,주말,4,16,삼성,롯데,대구,대구,24000,143,대구,15.4,,3.5,71.0
2025,2025-04-20,,2025-04-20,일,주말,4,16,한화,NC,대전,대전,17000,133,대전,17.6,0.9,1.9,78.9
2025,2025-04-22,,2025-04-22,화,평일,4,17,LG,NC,잠실,서울_잠실,12941,108,서울,17.8,34.8,1.5,87.8
2025,2025-04-22,,2025-04-22,화,평일,4,17,키움,두산,고척,서울_고척,6809,108,서울,17.8,34.8,1.5,87.8
2025,2025-04-22,,2025-04-22,화,평일,4,17,KT,SSG,수원,경기_수원,5497,119,수원,17.3,16.4,1.7,91.3
2025,2025-04-23,,2025-04-23,수,평일,4,17,롯데,한화,사직,부산,19376,159,부산,14.2,,2.7,76.1
2025,2025-04-23,,2025-04-23,수,평일,4,17,삼성,KIA,대구,대구,22257,143,대구,14.6,,3.5,73.0
2025,2025-04-23,,2025-04-23,수,평일,4,17,LG,NC,잠실,서울_잠실,17828,108,서울,16.8,,2.5,62.4
2025,2025-04-23,,2025-04-23,수,평일,4,17,키움,두산,고척,서울_고척,6801,108,서울,16.8,,2.5,62.4
2025,2025-04-23,,2025-04-23,수,평일,4,17,KT,SSG,수원,경기_수원,7581,119,수원,15.7,,2.0,66.9
2025,2025-04-24,,2025-04-24,목,평일,4,17,롯데,한화,사직,부산,22669,159,부산,15.5,,3.8,71.9
2025,2025-04-24,,2025-04-24,목,평일,4,17,삼성,KIA,대구,대구,24000,143,대구,18.6,,2.7,48.9
2025,2025-04-24,,2025-04-24,목,평일,4,17,LG,NC,잠실,서울_잠실,19325,108,서울,14.7,,3.1,52.4
2025,2025-04-24,,2025-04-24,목,평일,4,17,키움,두산,고척,서울_고척,7690,108,서울,14.7,,3.1,52.4
2025,2025-04-24,,2025-04-24,목,평일,4,17,KT,SSG,수원,경기_수원,7815,119,수원,13.0,,2.5,62.9
2025,2025-04-25,,2025-04-25,금,평일,4,17,한화,KT,대전,대전,17000,133,대전,12.7,,2.4,33.1
2025,2025-04-25,,2025-04-25,금,평일,4,17,KIA,LG,광주,광주,20500,156,광주,13.5,,2.1,32.8
2025,2025-04-25,,2025-04-25,금,평일,4,17,두산,롯데,잠실,서울_잠실,23750,108,서울,12.5,,3.0,38.4
2025,2025-04-25,,2025-04-25,금,평일,4,17,삼성,NC,대구,대구,24000,143,대구,15.4,,4.2,19.9
2025,2025-04-25,,2025-04-25,금,평일,4,17,SSG,키움,문학,인천,12140,112,인천,12.1,,3.7,45.0
2025,2025-04-26,,2025-04-26,토,주말,4,17,한화,KT,대전,대전,17000,133,대전,14.4,,2.3,37.4
2025,2025-04-26,,2025-04-26,토,주말,4,17,KIA,LG,광주,광주,20500,156,광주,15.1,,1.1,39.6
2025,2025-04-26,,2025-04-26,토,주말,4,17,두산,롯데,잠실,서울_잠실,23750,108,서울,13.8,,2.8,53.1
2025,2025-04-26,,2025-04-26,토,주말,4,17,삼성,NC,대구,대구,24000,143,대구,16.7,,2.4,24.1
2025,2025-04-26,,2025-04-26,토,주말,4,17,SSG,키움,문학,인천,18641,112,인천,12.4,,3.6,63.5
2025,2025-04-27,,2025-04-27,일,주말,4,17,한화,KT,대전,대전,17000,133,대전,17.2,,2.3,26.9
2025,2025-04-27,,2025-04-27,일,주말,4,17,KIA,LG,광주,광주,20500,156,광주,17.7,,0.9,39.0
2025,2025-04-27,,2025-04-27,일,주말,4,17,두산,롯데,잠실,서울_잠실,23750,108,서울,14.9,,2.8,46.4
2025,2025-04-27,,2025-04-27,일,주말,4,17,삼성,NC,대구,대구,24000,143,대구,18.4,,1.5,30.1
2025,2025-04-27,,2025-04-27,일,주말,4,17,SSG,키움,문학,인천,16422,112,인천,13.2,,3.5,56.3
2025,2025-04-29,,2025-04-29,화,평일,4,18,두산,KT,잠실,서울_잠실,14138,108,서울,14.8,,2.3,34.1
2025,2025-04-29,,2025-04-29,화,평일,4,18,한화,LG,대전,대전,17000,133,대전,14.7,,2.0,42.5
2025,2025-04-29,,2025-04-29,화,평일,4,18,키움,롯데,고척,서울_고척,13203,108,서울,14.8,,2.3,34.1
2025,2025-04-29,,2025-04-29,화,평일,4,18,KIA,NC,광주,광주,10575,156,광주,15.1,,1.3,48.0
2025,2025-04-29,,2025-04-29,화,평일,4,18,SSG,삼성,문학,인천,15481,112,인천,13.4,,2.4,47.5
2025,2025-04-30,,2025-04-30,수,평일,4,18,두산,KT,잠실,서울_잠실,17158,108,서울,18.4,,2.6,36.3
2025,2025-04-30,,2025-04-30,수,평일,4,18,한화,LG,대전,대전,17000,133,대전,18.6,,1.6,40.8
2025,2025-04-30,,2025-04-30,수,평일,4,18,키움,롯데,고척,서울_고척,14367,108,서울,18.4,,2.6,36.3
2025,2025-04-30,,2025-04-30,수,평일,4,18,KIA,NC,광주,광주,15139,156,광주,18.2,,1.8,50.0
2025,2025-04-30,,2025-04-30,수,평일,4,18,SSG,삼성,문학,인천,18998,112,인천,17.8,,3.8,35.9
2025,2025-05-01,,2025-05-01,목,평일,5,18,두산,KT,잠실,서울_잠실,19883,108,서울,14.7,21.1,2.2,69.6
2025,2025-05-01,,2025-05-01,목,평일,5,18,키움,롯데,고척,서울_고척,16000,108,서울,14.7,21.1,2.2,69.6
2025,2025-05-01,,2025-05-01,목,평일,5,18,SSG,삼성,문학,인천,22993,112,인천,13.3,20.4,3.6,76.6
2025,2025-05-02,,2025-05-02,금,평일,5,18,KIA,한화,광주,광주,20500,156,광주,14.2,,1.3,52.8
2025,2025-05-02,,2025-05-02,금,평일,5,18,롯데,NC,사직,부산,22669,159,부산,16.1,,3.3,53.3
2025,2025-05-02,,2025-05-02,금,평일,5,18,삼성,두산,대구,대구,24000,143,대구,15.9,,3.5,40.6
2025,2025-05-02,,2025-05-02,금,평일,5,18,LG,SSG,잠실,서울_잠실,23750,108,서울,13.4,,3.1,59.3
2025,2025-05-02,,2025-05-02,금,평일,5,18,KT,키움,수원,경기_수원,12275,119,수원,12.3,,2.6,62.9
2025,2025-05-03,,2025-05-03,토,주말,5,18,롯데,NC,사직,부산,22669,159,부산,14.2,2.4,2.8,73.4
2025,2025-05-03,,2025-05-03,토,주말,5,18,삼성,두산,대구,대구,24000,143,대구,11.8,13.9,2.1,74.1
2025,2025-05-03,,2025-05-03,토,주말,5,18,LG,SSG,잠실,서울_잠실,23750,108,서울,11.2,7.3,2.3,80.5
2025,2025-05-03,,2025-05-03,토,주말,5,18,KT,키움,수원,경기_수원,15210,119,수원,9.9,11.8,1.8,88.3
2025,2025-05-04,,2025-05-04,일,주말,5,18,KIA,한화,광주,광주,20500,156,광주,14.2,,1.1,55.5
2025,2025-05-04,,2025-05-04,일,주말,5,18,롯데,NC,사직,부산,22669,159,부산,15.2,,2.8,51.8
2025,2025-05-04,,2025-05-04,일,주말,5,18,삼성,두산,대구,대구,24000,143,대구,15.5,,3.0,41.6
2025,2025-05-04,,2025-05-04,일,주말,5,18,LG,SSG,잠실,서울_잠실,23750,108,서울,13.7,,2.8,60.9
2025,2025-05-04,,2025-05-04,일,주말,5,18,KT,키움,수원,경기_수원,15160,119,수원,12.5,,2.5,64.4
2025,2025-05-05,,2025-05-05,월,평일,5,19,키움,KIA,고척,서울_고척,16000,108,서울,12.1,,2.3,64.5
2025,2025-05-05,,2025-05-05,월,평일,5,19,두산,LG,잠실,서울_잠실,23750,108,서울,12.1,,2.3,64.5
2025,2025-05-05,,2025-05-05,월,평일,5,19,KT,NC,수원,경기_수원,12015,119,수원,12.0,,1.2,64.3
2025,2025-05-05,,2025-05-05,월,평일,5,19,롯데,SSG,사직,부산,22669,159,부산,15.3,3.0,2.3,53.9
2025,2025-05-05,,2025-05-05,월,평일,5,19,한화,삼성,대전,대전,17000,133,대전,11.9,0.1,1.2,60.4
2025,2025-05-06,,2025-05-06,화,평일,5,19,키움,KIA,고척,서울_고척,16000,108,서울,14.4,,2.2,57.5
2025,2025-05-06,,2025-05-06,화,평일,5,19,두산,LG,잠실,서울_잠실,23750,108,서울,14.4,,2.2,57.5
2025,2025-05-06,,2025-05-06,화,평일,5,19,KT,NC,수원,경기_수원,9743,119,수원,12.8,,1.8,65.0
2025,2025-05-06,,2025-05-06,화,평일,5,19,롯데,SSG,사직,부산,22669,159,부산,13.3,5.5,2.3,77.1
2025,2025-05-06,,2025-05-06,화,평일,5,19,한화,삼성,대전,대전,17000,133,대전,13.1,,1.3,66.5
2025,2025-05-07,,2025-05-07,수,평일,5,19,키움,KIA,고척,서울_고척,16000,108,서울,14.9,,2.2,61.5
2025,2025-05-07,,2025-05-07,수,평일,5,19,두산,LG,잠실,서울_잠실,23750,108,서울,14.9,,2.2,61.5
2025,2025-05-07,,2025-05-07,수,평일,5,19,KT,NC,수원,경기_수원,3598,119,수원,13.2,,1.9,70.5
2025,2025-05-07,,2025-05-07,수,평일,5,19,롯데,SSG,사직,부산,22669,159,부산,14.5,,2.3,72.8
2025,2025-05-07,,2025-05-07,수,평일,5,19,한화,삼성,대전,대전,17000,133,대전,14.7,,1.5,61.9
2025,2025-05-09,,2025-05-09,금,평일,5,19,키움,한화,고척,서울_고척,16000,108,서울,15.1,17.6,3.0,81.8
2025,2025-05-10,,2025-05-10,토,주말,5,19,키움,한화,고척,서울_고척,16000,108,서울,12.3,14.1,3.5,95.5
2025,2025-05-10,,2025-05-10,토,주말,5,19,SSG,KIA,문학,인천,23000,112,인천,11.5,10.5,4.8,98.5
2025,2025-05-10,,2025-05-10,토,주말,5,19,삼성,LG,대구,대구,24000,143,대구,16.4,0.3,3.6,66.1
2025,2025-05-10,,2025-05-10,토,주말,5,19,삼성,LG,대구,대구,24000,143,대구,16.4,0.3,3.6,66.1
2025,2025-05-10,,2025-05-10,토,주말,5,19,KT,롯데,수원,경기_수원,18700,119,수원,11.9,3.4,3.7,92.5
2025,2025-05-10,,2025-05-10,토,주말,5,19,두산,NC,잠실,서울_잠실,20206,108,서울,12.3,14.1,3.5,95.5
2025,2025-05-11,,2025-05-11,일,주말,5,19,키움,한화,고척,서울_고척,16000,108,서울,14.7,,1.9,76.9
2025,2025-05-11,,2025-05-11,일,주말,5,19,SSG,KIA,문학,인천,23000,112,인천,13.2,,2.5,86.4
2025,2025-05-11,,2025-05-11,일,주말,5,19,SSG,KIA,문학,인천,23000,112,인천,13.2,,2.5,86.4
2025,2025-05-11,,2025-05-11,일,주말,5,19,삼성,LG,대구,대구,24000,143,대구,16.0,,1.7,68.5
2025,2025-05-11,,2025-05-11,일,주말,5,19,KT,롯데,수원,경기_수원,18700,119,수원,14.1,,1.8,77.5
2025,2025-05-11,,2025-05-11,일,주말,5,19,KT,롯데,수원,경기_수원,14470,119,수원,14.1,,1.8,77.5
2025,2025-05-11,,2025-05-11,일,주말,5,19,두산,NC,잠실,서울_잠실,19366,108,서울,14.7,,1.9,76.9
2025,2025-05-11,,2025-05-11,일,주말,5,19,두산,NC,잠실,서울_잠실,9172,108,서울,14.7,,1.9,76.9
2025,2025-05-13,,2025-05-13,화,평일,5,20,삼성,KT,포항,기타,10758,138,포항,22.4,,3.2,42.1
2025,2025-05-13,,2025-05-13,화,평일,5,20,KIA,롯데,광주,광주,16824,156,광주,19.9,,1.4,55.8
2025,2025-05-13,,2025-05-13,화,평일,5,20,SSG,NC,문학,인천,12746,112,인천,20.0,,3.8,47.9
2025,2025-05-13,,2025-05-13,화,평일,5,20,한화,두산,대전,대전,17000,133,대전,19.3,,1.5,53.5
2025,2025-05-13,,2025-05-13,화,평일,5,20,LG,키움,잠실,서울_잠실,18080,108,서울,19.9,,2.7,47.4
2025,2025-05-14,,2025-05-14,수,평일,5,20,삼성,KT,포항,기타,12120,138,포항,22.6,,3.2,44.8
2025,2025-05-14,,2025-05-14,수,평일,5,20,KIA,롯데,광주,광주,18641,156,광주,20.2,,1.9,62.4
2025,2025-05-14,,2025-05-14,수,평일,5,20,SSG,NC,문학,인천,11409,112,인천,20.4,,2.9,56.4
2025,2025-05-14,,2025-05-14,수,평일,5,20,한화,두산,대전,대전,17000,133,대전,21.0,,1.3,51.8
2025,2025-05-14,,2025-05-14,수,평일,5,20,LG,키움,잠실,서울_잠실,18286,108,서울,21.0,,2.4,52.8
2025,2025-05-15,,2025-05-15,목,평일,5,20,삼성,KT,포항,기타,12120,138,포항,22.2,,3.2,65.4
2025,2025-05-15,,2025-05-15,목,평일,5,20,KIA,롯데,광주,광주,17452,156,광주,21.1,0.3,1.9,85.3
2025,2025-05-15,,2025-05-15,목,평일,5,20,SSG,NC,문학,인천,10081,112,인천,17.2,0.7,2.5,89.8
2025,2025-05-15,,2025-05-15,목,평일,5,20,한화,두산,대전,대전,17000,133,대전,21.6,4.2,1.8,81.3
2025,2025-05-15,,2025-05-15,목,평일,5,20,LG,키움,잠실,서울_잠실,18119,108,서울,19.5,1.1,2.3,80.9
2025,2025-05-17,,2025-05-17,토,주말,5,20,LG,KT,잠실,서울_잠실,22963,108,서울,18.3,2.2,2.6,86.4
2025,2025-05-17,,2025-05-17,토,주말,5,20,LG,KT,잠실,서울_잠실,17811,108,서울,18.3,2.2,2.6,86.4
2025,2025-05-17,,2025-05-17,토,주말,5,20,KIA,두산,광주,광주,16854,156,광주,19.1,0.4,1.5,86.5
2025,2025-05-17,,2025-05-17,토,주말,5,20,KIA,두산,광주,광주,20500,156,광주,19.1,0.4,1.5,86.5
2025,2025-05-17,,2025-05-17,토,주말,5,20,한화,SSG,대전,대전,17000,133,대전,19.4,0.5,2.0,81.3
2025,2025-05-17,,2025-05-17,토,주말,5,20,한화,SSG,대전,대전,17000,133,대전,19.4,0.5,2.0,81.3
2025,2025-05-17,,2025-05-17,토,주말,5,20,롯데,삼성,사직,부산,22669,159,부산,18.6,0.6,3.3,85.8
2025,2025-05-17,,2025-05-17,토,주말,5,20,롯데,삼성,사직,부산,22669,159,부산,18.6,0.6,3.3,85.8
2025,2025-05-17,,2025-05-17,토,주말,5,20,NC,키움,울산,울산,2297,152,울산,19.8,2.2,1.5,79.4
2025,2025-05-17,,2025-05-17,토,주말,5,20,NC,키움,울산,울산,5513,152,울산,19.8,2.2,1.5,79.4
2025,2025-05-18,,2025-05-18,일,주말,5,20,LG,KT,잠실,서울_잠실,23029,108,서울,15.6,,2.6,59.3
2025,2025-05-18,,2025-05-18,일,주말,5,20,KIA,두산,광주,광주,20500,156,광주,17.8,,1.3,59.1
2025,2025-05-18,,2025-05-18,일,주말,5,20,한화,SSG,대전,대전,17000,133,대전,16.2,,1.6,56.6
2025,2025-05-18,,2025-05-18,일,주말,5,20,롯데,삼성,사직,부산,22669,159,부산,18.1,,2.8,63.5
2025,2025-05-18,,2025-05-18,일,주말,5,20,NC,키움,울산,울산,6456,152,울산,16.9,,2.2,59.9
2025,2025-05-20,,2025-05-20,화,평일,5,21,NC,한화,울산,울산,4497,152,울산,24.1,,2.7,68.8
2025,2025-05-20,,2025-05-20,화,평일,5,21,KT,KIA,수원,경기_수원,16064,119,수원,22.9,,2.5,83.5
2025,2025-05-20,,2025-05-20,화,평일,5,21,롯데,LG,사직,부산,22669,159,부산,21.6,,4.4,87.0
2025,2025-05-20,,2025-05-20,화,평일,5,21,두산,SSG,잠실,서울_잠실,17782,108,서울,22.2,1.0,2.5,85.5
2025,2025-05-20,,2025-05-20,화,평일,5,21,키움,삼성,고척,서울_고척,13106,108,서울,22.2,1.0,2.5,85.5
2025,2025-05-21,,2025-05-21,수,평일,5,21,NC,한화,울산,울산,4183,152,울산,22.0,,1.6,78.4
2025,2025-05-21,,2025-05-21,수,평일,5,21,KT,KIA,수원,경기_수원,16302,119,수원,24.0,,1.8,80.0
2025,2025-05-21,,2025-05-21,수,평일,5,21,롯데,LG,사직,부산,22669,159,부산,22.2,,2.4,84.3
2025,2025-05-21,,2025-05-21,수,평일,5,21,두산,SSG,잠실,서울_잠실,14052,108,서울,25.5,,2.1,75.5
2025,2025-05-21,,2025-05-21,수,평일,5,21,키움,삼성,고척,서울_고척,13193,108,서울,25.5,,2.1,75.5
2025,2025-05-22,,2025-05-22,목,평일,5,21,NC,한화,울산,울산,5005,152,울산,15.4,,2.5,79.1
2025,2025-05-22,,2025-05-22,목,평일,5,21,KT,KIA,수원,경기_수원,16705,119,수원,21.4,0.3,1.7,77.6
2025,2025-05-22,,2025-05-22,목,평일,5,21,롯데,LG,사직,부산,22669,159,부산,18.2,,2.6,74.6
2025,2025-05-22,,2025-05-22,목,평일,5,21,두산,SSG,잠실,서울_잠실,14592,108,서울,23.9,0.8,2.1,68.0
2025,2025-05-22,,2025-05-22,목,평일,5,21,키움,삼성,고척,서울_고척,12926,108,서울,23.9,0.8,2.1,68.0
2025,2025-05-23,,2025-05-23,금,평일,5,21,삼성,KIA,대구,대구,24000,143,대구,16.9,,3.8,57.8
2025,2025-05-23,,2025-05-23,금,평일,5,21,키움,KT,고척,서울_고척,4239,108,서울,19.4,1.2,2.8,53.8
2025,2025-05-23,,2025-05-23,금,평일,5,21,SSG,LG,문학,인천,20150,112,인천,19.2,1.2,2.4,58.1
2025,2025-05-23,,2025-05-23,금,평일,5,21,한화,롯데,대전,대전,17000,133,대전,19.9,,4.0,43.5
2025,2025-05-23,,2025-05-23,금,평일,5,21,두산,NC,잠실,서울_잠실,17944,108,서울,19.4,1.2,2.8,53.8
2025,2025-05-24,,2025-05-24,토,주말,5,21,삼성,KIA,대구,대구,24000,143,대구,13.7,1.7,2.9,81.4
2025,2025-05-24,,2025-05-24,토,주말,5,21,키움,KT,고척,서울_고척,7315,108,서울,15.6,4.3,3.1,69.1
2025,2025-05-24,,2025-05-24,토,주말,5,21,SSG,LG,문학,인천,23000,112,인천,16.1,2.0,2.8,65.1
2025,2025-05-24,,2025-05-24,토,주말,5,21,한화,롯데,대전,대전,17000,133,대전,16.0,0.6,2.6,60.5
2025,2025-05-24,,2025-05-24,토,주말,5,21,두산,NC,잠실,서울_잠실,22279,108,서울,15.6,4.3,3.1,69.1
2025,2025-05-25,,2025-05-25,일,주말,5,21,삼성,KIA,대구,대구,24000,143,대구,17.6,0.6,2.1,64.5
2025,2025-05-25,,2025-05-25,일,주말,5,21,키움,KT,고척,서울_고척,6809,108,서울,17.4,,2.1,61.0
2025,2025-05-25,,2025-05-25,일,주말,5,21,SSG,LG,문학,인천,23000,112,인천,15.8,,2.4,68.6
2025,2025-05-25,,2025-05-25,일,주말,5,21,한화,롯데,대전,대전,17000,133,대전,17.8,,1.7,64.9
2025,2025-05-25,,2025-05-25,일,주말,5,21,두산,NC,잠실,서울_잠실,20534,108,서울,17.4,,2.1,61.0
2025,2025-05-27,,2025-05-27,화,평일,5,22,LG,한화,잠실,서울_잠실,23750,108,서울,20.8,,1.9,57.0
2025,2025-05-27,,2025-05-27,화,평일,5,22,삼성,롯데,대구,대구,24000,143,대구,21.2,,1.6,54.6
2025,2025-05-27,,2025-05-27,화,평일,5,22,SSG,NC,문학,인천,12124,112,인천,18.5,,2.3,74.0
2025,2025-05-27,,2025-05-27,화,평일,5,22,KT,두산,수원,경기_수원,8355,119,수원,18.7,,1.6,70.3
2025,2025-05-27,,2025-05-27,화,평일,5,22,KIA,키움,광주,광주,15351,156,광주,20.7,,0.9,52.8
2025,2025-05-28,,2025-05-28,수,평일,5,22,LG,한화,잠실,서울_잠실,23750,108,서울,20.8,,1.8,62.0
2025,2025-05-28,,2025-05-28,수,평일,5,22,SSG,NC,문학,인천,12747,112,인천,18.6,,2.0,74.3
2025,2025-05-28,,2025-05-28,수,평일,5,22,KT,두산,수원,경기_수원,8822,119,수원,19.5,,1.6,66.5
2025,2025-05-28,,2025-05-28,수,평일,5,22,KIA,키움,광주,광주,16517,156,광주,22.0,,1.1,51.5
2025,2025-05-29,,2025-05-29,목,평일,5,22,LG,한화,잠실,서울_잠실,23750,108,서울,21.2,,2.2,58.4
2025,2025-05-29,,2025-05-29,목,평일,5,22,삼성,롯데,대구,대구,24000,143,대구,18.7,0.4,2.2,70.1
2025,2025-05-29,,2025-05-29,목,평일,5,22,SSG,NC,문학,인천,13466,112,인천,20.1,,1.7,64.3
2025,2025-05-29,,2025-05-29,목,평일,5,22,KT,두산,수원,경기_수원,9238,119,수원,19.5,,1.7,62.4
2025,2025-05-29,,2025-05-29,목,평일,5,22,KIA,키움,광주,광주,18127,156,광주,22.1,,1.1,53.4
2025,2025-05-30,,2025-05-30,금,평일,5,22,NC,한화,창원,경남_창원,12395,155,창원,18.4,,2.0,72.0
2025,2025-05-30,,2025-05-30,금,평일,5,22,KT,KIA,수원,경기_수원,18700,119,수원,19.9,,1.4,57.3
2025,2025-05-30,,2025-05-30,금,평일,5,22,키움,두산,고척,서울_고척,9182,108,서울,22.2,,1.7,55.0
2025,2025-05-30,,2025-05-30,금,평일,5,22,롯데,SSG,사직,부산,22669,159,부산,18.6,,2.4,64.1
2025,2025-05-30,,2025-05-30,금,평일,5,22,LG,삼성,잠실,서울_잠실,23750,108,서울,22.2,,1.7,55.0
2025,2025-05-31,,2025-05-31,토,주말,5,22,NC,한화,창원,경남_창원,16741,155,창원,20.4,,1.4,58.9
2025,2025-05-31,,2025-05-31,토,주말,5,22,KT,KIA,수원,경기_수원,18700,119,수원,19.4,,1.7,62.1
2025,2025-05-31,,2025-05-31,토,주말,5,22,키움,두산,고척,서울_고척,13456,108,서울,21.5,,2.0,55.0
2025,2025-05-31,,2025-05-31,토,주말,5,22,롯데,SSG,사직,부산,22669,159,부산,19.6,,2.1,57.4
2025,2025-05-31,,2025-05-31,토,주말,5,22,LG,삼성,잠실,서울_잠실,23750,108,서울,21.5,,2.0,55.0
2025,2025-06-01,,2025-06-01,일,주말,6,22,NC,한화,창원,경남_창원,14906,155,창원,20.6,,1.7,65.4
2025,2025-06-01,,2025-06-01,일,주말,6,22,KT,KIA,수원,경기_수원,18700,119,수원,20.3,,1.6,65.9
2025,2025-06-01,,2025-06-01,일,주말,6,22,키움,두산,고척,서울_고척,12350,108,서울,22.6,,2.0,57.8
2025,2025-06-01,,2025-06-01,일,주말,6,22,롯데,SSG,사직,부산,22669,159,부산,20.5,,2.4,62.5
2025,2025-06-01,,2025-06-01,일,주말,6,22,LG,삼성,잠실,서울_잠실,23750,108,서울,22.6,,2.0,57.8
2025,2025-06-03,,2025-06-03,화,평일,6,23,두산,KIA,잠실,서울_잠실,23750,108,서울,20.9,,2.9,56.9
2025,2025-06-03,,2025-06-03,화,평일,6,23,한화,KT,대전,대전,17000,133,대전,21.1,,2.2,53.9
2025,2025-06-03,,2025-06-03,화,평일,6,23,NC,LG,창원,경남_창원,13937,155,창원,21.9,1.2,2.0,58.0
2025,2025-06-03,,2025-06-03,화,평일,6,23,SSG,삼성,문학,인천,23000,112,인천,18.9,,3.2,70.0
2025,2025-06-03,,2025-06-03,화,평일,6,23,롯데,키움,사직,부산,22669,159,부산,19.8,4.3,2.4,70.8
2025,2025-06-04,,2025-06-04,수,평일,6,23,두산,KIA,잠실,서울_잠실,23750,108,서울,20.5,,3.5,55.3
2025,2025-06-04,,2025-06-04,수,평일,6,23,한화,KT,대전,대전,17000,133,대전,20.8,,3.0,48.9
2025,2025-06-04,,2025-06-04,수,평일,6,23,NC,LG,창원,경남_창원,5235,155,창원,23.5,,2.0,32.6
2025,2025-06-04,,2025-06-04,수,평일,6,23,SSG,삼성,문학,인천,15706,112,인천,19.0,,3.5,64.8
2025,2025-06-04,,2025-06-04,수,평일,6,23,롯데,키움,사직,부산,22669,159,부산,22.2,,4.1,38.0
2025,2025-06-05,,2025-06-05,목,평일,6,23,두산,KIA,잠실,서울_잠실,23750,108,서울,21.7,,2.3,49.8
2025,2025-06-05,,2025-06-05,목,평일,6,23,한화,KT,대전,대전,17000,133,대전,21.2,,1.8,47.3
2025,2025-06-05,,2025-06-05,목,평일,6,23,NC,LG,창원,경남_창원,8957,155,창원,22.1,,1.8,46.9
2025,2025-06-05,,2025-06-05,목,평일,6,23,SSG,삼성,문학,인천,19273,112,인천,19.8,,2.5,57.9
2025,2025-06-05,,2025-06-05,목,평일,6,23,롯데,키움,사직,부산,22669,159,부산,21.2,,3.5,48.4
2025,2025-06-06,,2025-06-06,금,평일,6,23,KIA,한화,광주,광주,20500,156,광주,21.8,0.4,0.9,47.9
2025,2025-06-06,,2025-06-06,금,평일,6,23,키움,LG,고척,서울_고척,16000,108,서울,24.1,,3.0,42.6
2025,2025-06-06,,2025-06-06,금,평일,6,23,두산,롯데,잠실,서울_잠실,23750,108,서울,24.1,,3.0,42.6
2025,2025-06-06,,2025-06-06,금,평일,6,23,삼성,NC,대구,대구,24000,143,대구,23.2,,1.4,49.0
2025,2025-06-06,,2025-06-06,금,평일,6,23,KT,SSG,수원,경기_수원,18700,119,수원,23.0,,2.5,44.1
2025,2025-06-07,,2025-06-07,토,주말,6,23,KIA,한화,광주,광주,20500,156,광주,23.9,,1.6,58.3
2025,2025-06-07,,2025-06-07,토,주말,6,23,키움,LG,고척,서울_고척,16000,108,서울,23.7,0.1,2.6,61.4
2025,2025-06-07,,2025-06-07,토,주말,6,23,두산,롯데,잠실,서울_잠실,23750,108,서울,23.7,0.1,2.6,61.4
2025,2025-06-07,,2025-06-07,토,주말,6,23,삼성,NC,대구,대구,24000,143,대구,24.8,,1.5,45.3
2025,2025-06-07,,2025-06-07,토,주말,6,23,KT,SSG,수원,경기_수원,16755,119,수원,22.7,,1.9,64.6
2025,2025-06-08,,2025-06-08,일,주말,6,23,KIA,한화,광주,광주,18586,156,광주,25.2,,1.2,67.3
2025,2025-06-08,,2025-06-08,일,주말,6,23,키움,LG,고척,서울_고척,16000,108,서울,25.1,0.6,1.7,69.3
2025,2025-06-08,,2025-06-08,일,주말,6,23,두산,롯데,잠실,서울_잠실,23750,108,서울,25.1,0.6,1.7,69.3
2025,2025-06-08,,2025-06-08,일,주말,6,23,삼성,NC,대구,대구,24000,143,대구,26.0,,1.5,52.5
2025,2025-06-08,,2025-06-08,일,주말,6,23,KT,SSG,수원,경기_수원,13026,119,수원,23.9,0.3,1.7,74.8
2025,2025-06-10,,2025-06-10,화,평일,6,24,KT,롯데,수원,경기_수원,10809,119,수원,19.9,,2.2,79.8
2025,2025-06-10,,2025-06-10,화,평일,6,24,키움,NC,고척,서울_고척,4004,108,서울,21.7,,2.5,71.6
2025,2025-06-10,,2025-06-10,화,평일,6,24,한화,두산,대전,대전,16691,133,대전,23.6,,2.1,66.6
2025,2025-06-10,,2025-06-10,화,평일,6,24,LG,SSG,잠실,서울_잠실,17221,108,서울,21.7,,2.5,71.6
2025,2025-06-10,,2025-06-10,화,평일,6,24,KIA,삼성,광주,광주,15887,156,광주,23.6,,1.3,67.8
2025,2025-06-11,,2025-06-11,수,평일,6,24,KT,롯데,수원,경기_수원,11777,119,수원,20.9,,2.0,58.9
2025,2025-06-11,,2025-06-11,수,평일,6,24,키움,NC,고척,서울_고척,4034,108,서울,22.7,,2.4,54.6
2025,2025-06-11,,2025-06-11,수,평일,6,24,한화,두산,대전,대전,17000,133,대전,23.1,,2.0,48.8
2025,2025-06-11,,2025-06-11,수,평일,6,24,LG,SSG,잠실,서울_잠실,18192,108,서울,22.7,,2.4,54.6
2025,2025-06-11,,2025-06-11,수,평일,6,24,KIA,삼성,광주,광주,17320,156,광주,23.7,,2.1,50.3
2025,2025-06-12,,2025-06-12,목,평일,6,24,KT,롯데,수원,경기_수원,12378,119,수원,23.4,,1.6,56.6
2025,2025-06-12,,2025-06-12,목,평일,6,24,키움,NC,고척,서울_고척,4410,108,서울,25.5,,1.9,50.4
2025,2025-06-12,,2025-06-12,목,평일,6,24,한화,두산,대전,대전,17000,133,대전,25.1,,1.5,43.6
2025,2025-06-12,,2025-06-12,목,평일,6,24,LG,SSG,잠실,서울_잠실,18321,108,서울,25.5,,1.9,50.4
2025,2025-06-12,,2025-06-12,목,평일,6,24,KIA,삼성,광주,광주,16761,156,광주,24.8,,1.8,52.0
2025,2025-06-13,,2025-06-13,금,평일,6,24,NC,KIA,창원,경남_창원,8362,155,창원,21.1,36.5,1.0,80.6
2025,2025-06-14,,2025-06-14,토,주말,6,24,NC,KIA,창원,경남_창원,15000,155,창원,21.9,75.1,0.8,94.4
2025,2025-06-14,,2025-06-14,토,주말,6,24,삼성,KT,대구,대구,24000,143,대구,21.9,32.7,1.6,86.6
2025,2025-06-14,,2025-06-14,토,주말,6,24,한화,LG,대전,대전,17000,133,대전,23.8,44.7,1.3,84.8
2025,2025-06-14,,2025-06-14,토,주말,6,24,SSG,롯데,문학,인천,23000,112,인천,23.8,,2.2,73.9
2025,2025-06-14,,2025-06-14,토,주말,6,24,두산,키움,잠실,서울_잠실,18390,108,서울,25.6,,2.0,66.3
2025,2025-06-15,,2025-06-15,일,주말,6,24,NC,KIA,창원,경남_창원,12470,155,창원,24.4,1.8,2.0,87.3
2025,2025-06-15,,2025-06-15,일,주말,6,24,삼성,KT,대구,대구,24000,143,대구,26.1,0.3,1.5,73.3
2025,2025-06-15,,2025-06-15,일,주말,6,24,한화,LG,대전,대전,17000,133,대전,26.3,37.4,1.9,73.4
2025,2025-06-15,,2025-06-15,일,주말,6,24,SSG,롯데,문학,인천,20960,112,인천,22.9,8.9,2.8,83.4
2025,2025-06-15,,2025-06-15,일,주말,6,24,두산,키움,잠실,서울_잠실,11744,108,서울,26.3,11.8,2.5,69.6
2025,2025-06-17,,2025-06-17,화,평일,6,25,롯데,한화,사직,부산,22669,159,부산,22.2,,5.3,87.0
2025,2025-06-17,,2025-06-17,화,평일,6,25,KIA,KT,광주,광주,10596,156,광주,25.0,,1.9,77.5
2025,2025-06-17,,2025-06-17,화,평일,6,25,LG,NC,잠실,서울_잠실,15069,108,서울,24.8,,2.5,73.3
2025,2025-06-17,,2025-06-17,화,평일,6,25,삼성,두산,대구,대구,23044,143,대구,25.2,,1.4,70.9
2025,2025-06-17,,2025-06-17,화,평일,6,25,키움,SSG,고척,서울_고척,6205,108,서울,24.8,,2.5,73.3
2025,2025-06-18,,2025-06-18,수,평일,6,25,롯데,한화,사직,부산,22669,159,부산,20.6,,3.7,88.0
2025,2025-06-18,,2025-06-18,수,평일,6,25,KIA,KT,광주,광주,16311,156,광주,25.8,,1.2,64.8
2025,2025-06-18,,2025-06-18,수,평일,6,25,LG,NC,잠실,서울_잠실,16103,108,서울,25.5,,2.0,65.3
2025,2025-06-18,,2025-06-18,수,평일,6,25,삼성,두산,대구,대구,23385,143,대구,26.9,,1.6,61.1
2025,2025-06-18,,2025-06-18,수,평일,6,25,키움,SSG,고척,서울_고척,6941,108,서울,25.5,,2.0,65.3
2025,2025-06-19,,2025-06-19,목,평일,6,25,롯데,한화,사직,부산,22669,159,부산,23.8,,3.2,78.1
2025,2025-06-19,,2025-06-19,목,평일,6,25,KIA,KT,광주,광주,14079,156,광주,25.6,,1.9,73.3
2025,2025-06-19,,2025-06-19,목,평일,6,25,LG,NC,잠실,서울_잠실,15636,108,서울,28.1,0.8,2.0,57.9
2025,2025-06-19,,2025-06-19,목,평일,6,25,삼성,두산,대구,대구,23355,143,대구,27.5,,1.3,61.6
2025,2025-06-19,,2025-06-19,목,평일,6,25,키움,SSG,고척,서울_고척,7032,108,서울,28.1,0.8,2.0,57.9
2025,2025-06-20,,2025-06-20,금,평일,6,25,롯데,삼성,사직,부산,21911,159,부산,23.4,2.7,6.3,95.3
2025,2025-06-21,,2025-06-21,토,주말,6,25,SSG,KIA,문학,인천,23000,112,인천,19.8,0.1,1.9,98.5
2025,2025-06-21,,2025-06-21,토,주말,6,25,KT,NC,수원,경기_수원,13680,119,수원,21.2,0.3,1.7,91.6
2025,2025-06-21,,2025-06-21,토,주말,6,25,LG,두산,잠실,서울_잠실,23750,108,서울,22.0,0.2,2.1,88.1
2025,2025-06-22,,2025-06-22,일,주말,6,25,SSG,KIA,문학,인천,23000,112,인천,20.2,,2.5,90.3
2025,2025-06-22,,2025-06-22,일,주말,6,25,KT,NC,수원,경기_수원,12059,119,수원,21.8,,1.8,73.8
2025,2025-06-22,,2025-06-22,일,주말,6,25,LG,두산,잠실,서울_잠실,23750,108,서울,23.3,,2.3,68.6
2025,2025-06-22,,2025-06-22,일,주말,6,25,롯데,삼성,사직,부산,22669,159,부산,20.8,35.8,2.2,84.1
2025,2025-06-22,,2025-06-22,일,주말,6,25,한화,키움,대전,대전,17000,133,대전,23.3,,1.5,71.1
2025,2025-06-24,,2025-06-24,화,평일,6,26,키움,KIA,고척,서울_고척,16000,108,서울,25.0,2.3,2.6,63.4
2025,2025-06-24,,2025-06-24,화,평일,6,26,KT,LG,수원,경기_수원,9335,119,수원,24.2,3.0,1.9,71.5
2025,2025-06-24,,2025-06-24,화,평일,6,26,두산,SSG,잠실,서울_잠실,12141,108,서울,25.0,2.3,2.6,63.4
2025,2025-06-25,,2025-06-25,수,평일,6,26,삼성,한화,대구,대구,24000,143,대구,23.6,0.1,2.5,76.9
2025,2025-06-25,,2025-06-25,수,평일,6,26,키움,KIA,고척,서울_고척,16000,108,서울,20.9,8.0,2.5,88.9
2025,2025-06-25,,2025-06-25,수,평일,6,26,NC,롯데,창원,경남_창원,15587,155,창원,22.4,5.1,2.3,86.8
2025,2025-06-26,,2025-06-26,목,평일,6,26,삼성,한화,대구,대구,24000,143,대구,25.4,,2.2,64.9
2025,2025-06-26,,2025-06-26,목,평일,6,26,키움,KIA,고척,서울_고척,16000,108,서울,22.2,1.1,1.7,85.3
2025,2025-06-26,,2025-06-26,목,평일,6,26,KT,LG,수원,경기_수원,13365,119,수원,21.2,0.7,1.7,87.4
2025,2025-06-26,,2025-06-26,목,평일,6,26,NC,롯데,창원,경남_창원,16335,155,창원,24.0,,1.9,76.9
2025,2025-06-26,,2025-06-26,목,평일,6,26,두산,SSG,잠실,서울_잠실,13553,108,서울,22.2,1.1,1.7,85.3
2025,2025-06-27,,2025-06-27,금,평일,6,26,SSG,한화,문학,인천,23000,112,인천,23.7,,1.5,83.8
2025,2025-06-27,,2025-06-27,금,평일,6,26,LG,KIA,잠실,서울_잠실,23750,108,서울,25.0,,1.4,78.1
2025,2025-06-27,,2025-06-27,금,평일,6,26,롯데,KT,사직,부산,22669,159,부산,24.2,,2.4,74.6
2025,2025-06-27,,2025-06-27,금,평일,6,26,NC,두산,창원,경남_창원,8025,155,창원,25.9,,1.3,74.5
2025,2025-06-27,,2025-06-27,금,평일,6,26,키움,삼성,고척,서울_고척,16000,108,서울,25.0,,1.4,78.1
2025,2025-06-28,,2025-06-28,토,주말,6,26,SSG,한화,문학,인천,23183,112,인천,24.5,0.5,1.8,93.1
2025,2025-06-28,,2025-06-28,토,주말,6,26,LG,KIA,잠실,서울_잠실,23750,108,서울,26.2,0.6,1.4,85.0
2025,2025-06-28,,2025-06-28,토,주말,6,26,롯데,KT,사직,부산,22669,159,부산,25.3,,3.2,83.9
2025,2025-06-28,,2025-06-28,토,주말,6,26,NC,두산,창원,경남_창원,12961,155,창원,26.3,,1.9,83.1
2025,2025-06-28,,2025-06-28,토,주말,6,26,키움,삼성,고척,서울_고척,16000,108,서울,26.2,0.6,1.4,85.0
2025,2025-06-29,,2025-06-29,일,주말,6,26,SSG,한화,문학,인천,23000,112,인천,25.4,0.3,2.3,88.8
2025,2025-06-29,,2025-06-29,일,주말,6,26,LG,KIA,잠실,서울_잠실,23750,108,서울,27.1,,2.3,77.1
2025,2025-06-29,,2025-06-29,일,주말,6,26,롯데,KT,사직,부산,22669,159,부산,25.9,,3.5,82.9
2025,2025-06-29,,2025-06-29,일,주말,6,26,NC,두산,창원,경남_창원,9894,155,창원,27.2,,1.9,82.4
2025,2025-06-29,,2025-06-29,일,주말,6,26,키움,삼성,고척,서울_고척,16000,108,서울,27.1,,2.3,77.1
2025,2025-07-01,,2025-07-01,화,평일,7,27,롯데,LG,사직,부산,19627,159,부산,27.0,,4.2,81.8
2025,2025-07-01,,2025-07-01,화,평일,7,27,한화,NC,대전,대전,17000,133,대전,29.0,,1.7,73.9
2025,2025-07-01,,2025-07-01,화,평일,7,27,KIA,SSG,광주,광주,11782,156,광주,28.9,,1.8,75.4
2025,2025-07-01,,2025-07-01,화,평일,7,27,두산,삼성,잠실,서울_잠실,18022,108,서울,28.6,0.9,3.0,78.6
2025,2025-07-01,,2025-07-01,화,평일,7,27,KT,키움,수원,경기_수원,5616,119,수원,27.6,2.3,2.1,81.1
2025,2025-07-02,,2025-07-02,수,평일,7,27,롯데,LG,사직,부산,20661,159,부산,27.8,,3.5,81.0
2025,2025-07-02,,2025-07-02,수,평일,7,27,한화,NC,대전,대전,17000,133,대전,29.4,,1.6,71.3
2025,2025-07-02,,2025-07-02,수,평일,7,27,KIA,SSG,광주,광주,11827,156,광주,29.5,,1.3,73.3
2025,2025-07-02,,2025-07-02,수,평일,7,27,두산,삼성,잠실,서울_잠실,20448,108,서울,28.6,,2.9,76.3
2025,2025-07-02,,2025-07-02,수,평일,7,27,KT,키움,수원,경기_수원,6787,119,수원,27.7,,2.2,79.6
2025,2025-07-03,,2025-07-03,목,평일,7,27,롯데,LG,사직,부산,21914,159,부산,28.0,,3.9,74.9
2025,2025-07-03,,2025-07-03,목,평일,7,27,한화,NC,대전,대전,17000,133,대전,28.6,,2.0,69.1
2025,2025-07-03,,2025-07-03,목,평일,7,27,KIA,SSG,광주,광주,13013,156,광주,28.9,,1.7,71.3
2025,2025-07-03,,2025-07-03,목,평일,7,27,두산,삼성,잠실,서울_잠실,21525,108,서울,28.3,,2.8,75.5
2025,2025-07-03,,2025-07-03,목,평일,7,27,KT,키움,수원,경기_수원,8540,119,수원,27.4,,2.3,76.1
2025,2025-07-04,,2025-07-04,금,평일,7,27,키움,한화,고척,서울_고척,16000,108,서울,27.2,,3.2,77.0
2025,2025-07-04,,2025-07-04,금,평일,7,27,두산,KT,잠실,서울_잠실,16101,108,서울,27.2,,3.2,77.0
2025,2025-07-04,,2025-07-04,금,평일,7,27,삼성,LG,대구,대구,24000,143,대구,30.2,,2.1,56.1
2025,2025-07-04,,2025-07-04,금,평일,7,27,KIA,롯데,광주,광주,20500,156,광주,27.9,,2.0,74.0
2025,2025-07-04,,2025-07-04,금,평일,7,27,NC,SSG,창원,경남_창원,11147,155,창원,27.9,,2.0,76.8
2025,2025-07-05,,2025-07-05,토,주말,7,27,키움,한화,고척,서울_고척,16000,108,서울,28.4,,2.8,72.9
2025,2025-07-05,,2025-07-05,토,주말,7,27,두산,KT,잠실,서울_잠실,19774,108,서울,28.4,,2.8,72.9
2025,2025-07-05,,2025-07-05,토,주말,7,27,삼성,LG,대구,대구,24000,143,대구,30.6,,2.1,59.0
2025,2025-07-05,,2025-07-05,토,주말,7,27,KIA,롯데,광주,광주,20500,156,광주,28.5,,1.8,73.9
2025,2025-07-05,,2025-07-05,토,주말,7,27,NC,SSG,창원,경남_창원,12028,155,창원,27.8,,2.1,77.4
2025,2025-07-06,,2025-07-06,일,주말,7,27,키움,한화,고척,서울_고척,16000,108,서울,29.1,,2.5,74.3
2025,2025-07-06,,2025-07-06,일,주말,7,27,두산,KT,잠실,서울_잠실,23750,108,서울,29.1,,2.5,74.3
2025,2025-07-06,,2025-07-06,일,주말,7,27,삼성,LG,대구,대구,24000,143,대구,30.6,,2.4,59.6
2025,2025-07-06,,2025-07-06,일,주말,7,27,KIA,롯데,광주,광주,20500,156,광주,29.2,,1.7,73.4
2025,2025-07-06,,2025-07-06,일,주말,7,27,NC,SSG,창원,경남_창원,7726,155,창원,28.8,,1.5,76.5
2025,2025-07-08,,2025-07-08,화,평일,7,28,한화,KIA,대전,대전,17000,133,대전,31.4,,2.4,65.9
2025,2025-07-08,,2025-07-08,화,평일,7,28,SSG,KT,문학,인천,10812,112,인천,30.0,1.7,2.2,79.1
2025,2025-07-08,,2025-07-08,화,평일,7,28,롯데,두산,사직,부산,18541,159,부산,29.4,,2.7,65.1
2025,2025-07-08,,2025-07-08,화,평일,7,28,NC,삼성,창원,경남_창원,8294,155,창원,29.6,,1.6,69.6
2025,2025-07-08,,2025-07-08,화,평일,7,28,LG,키움,잠실,서울_잠실,16098,108,서울,31.3,11.8,1.9,72.5
2025,2025-07-09,,2025-07-09,수,평일,7,28,한화,KIA,대전,대전,17000,133,대전,31.0,,3.0,48.1
2025,2025-07-09,,2025-07-09,수,평일,7,28,SSG,KT,문학,인천,10259,112,인천,30.8,,1.7,69.5
2025,2025-07-09,,2025-07-09,수,평일,7,28,롯데,두산,사직,부산,19071,159,부산,28.5,,3.2,59.6
2025,2025-07-09,,2025-07-09,수,평일,7,28,NC,삼성,창원,경남_창원,9220,155,창원,29.0,,2.1,60.0
2025,2025-07-09,,2025-07-09,수,평일,7,28,LG,키움,잠실,서울_잠실,16400,108,서울,31.9,,2.2,61.1
2025,2025-07-10,,2025-07-10,목,평일,7,28,한화,KIA,대전,대전,17000,133,대전,29.8,,3.4,42.4
2025,2025-07-10,,2025-07-10,목,평일,7,28,SSG,KT,문학,인천,10817,112,인천,31.1,,2.4,48.5
2025,2025-07-10,,2025-07-10,목,평일,7,28,롯데,두산,사직,부산,21199,159,부산,28.0,,3.5,60.9
2025,2025-07-10,,2025-07-10,목,평일,7,28,NC,삼성,창원,경남_창원,10106,155,창원,28.5,,2.5,60.3
2025,2025-07-10,,2025-07-10,목,평일,7,28,LG,키움,잠실,서울_잠실,16628,108,서울,31.4,,2.9,46.6
2025,2025-07-18,,2025-07-18,금,평일,7,29,KT,한화,수원,경기_수원,18700,119,수원,25.3,0.7,1.7,82.4
2025,2025-07-18,,2025-07-18,금,평일,7,29,LG,롯데,잠실,서울_잠실,23750,108,서울,24.7,16.1,1.7,89.5
2025,2025-07-19,,2025-07-19,토,주말,7,29,KT,한화,수원,경기_수원,18700,119,수원,24.3,47.0,2.0,91.5
2025,2025-07-19,,2025-07-19,토,주말,7,29,LG,롯데,잠실,서울_잠실,23750,108,서울,23.9,84.0,2.0,95.4
2025,2025-07-19,,2025-07-19,토,주말,7,29,SSG,두산,문학,인천,19877,112,인천,23.6,52.4,2.6,98.5
2025,2025-07-20,,2025-07-20,일,주말,7,29,KT,한화,수원,경기_수원,18700,119,수원,27.2,3.2,1.9,80.1
2025,2025-07-20,,2025-07-20,일,주말,7,29,LG,롯데,잠실,서울_잠실,23750,108,서울,27.7,14.8,2.8,82.8
2025,2025-07-20,,2025-07-20,일,주말,7,29,KIA,NC,광주,광주,16985,156,광주,27.7,,1.7,79.0
2025,2025-07-20,,2025-07-20,일,주말,7,29,SSG,두산,문학,인천,18102,112,인천,26.8,30.1,3.4,89.3
2025,2025-07-20,,2025-07-20,일,주말,7,29,삼성,키움,대구,대구,24000,143,대구,26.5,,0.9,79.9
2025,2025-07-22,,2025-07-22,화,평일,7,30,두산,한화,잠실,서울_잠실,23750,108,서울,28.8,0.1,2.7,75.6
2025,2025-07-22,,2025-07-22,화,평일,7,30,NC,KT,창원,경남_창원,6302,155,창원,28.6,,1.4,79.0
2025,2025-07-22,,2025-07-22,화,평일,7,30,KIA,LG,광주,광주,12468,156,광주,28.2,,1.0,76.4
2025,2025-07-22,,2025-07-22,화,평일,7,30,키움,롯데,고척,서울_고척,15362,108,서울,28.8,0.1,2.7,75.6
2025,2025-07-22,,2025-07-22,화,평일,7,30,삼성,SSG,대구,대구,22896,143,대구,29.5,,0.8,69.5
2025,2025-07-23,,2025-07-23,수,평일,7,30,두산,한화,잠실,서울_잠실,23750,108,서울,28.9,,1.8,70.4
2025,2025-07-23,,2025-07-23,수,평일,7,30,NC,KT,창원,경남_창원,6375,155,창원,28.8,,1.4,75.0
2025,2025-07-23,,2025-07-23,수,평일,7,30,KIA,LG,광주,광주,12172,156,광주,28.8,,0.7,75.3
2025,2025-07-23,,2025-07-23,수,평일,7,30,키움,롯데,고척,서울_고척,15325,108,서울,28.9,,1.8,70.4
2025,2025-07-23,,2025-07-23,수,평일,7,30,삼성,SSG,대구,대구,23304,143,대구,29.9,,0.8,68.1
2025,2025-07-24,,2025-07-24,목,평일,7,30,두산,한화,잠실,서울_잠실,23750,108,서울,29.8,,1.9,68.0
2025,2025-07-24,,2025-07-24,목,평일,7,30,NC,KT,창원,경남_창원,5157,155,창원,28.3,,1.5,73.1
2025,2025-07-24,,2025-07-24,목,평일,7,30,KIA,LG,광주,광주,12364,156,광주,29.8,,1.0,73.4
2025,2025-07-24,,2025-07-24,목,평일,7,30,키움,롯데,고척,서울_고척,15216,108,서울,29.8,,1.9,68.0
2025,2025-07-24,,2025-07-24,목,평일,7,30,삼성,SSG,대구,대구,24000,143,대구,29.9,,1.2,64.6
2025,2025-07-25,,2025-07-25,금,평일,7,30,롯데,KIA,사직,부산,22669,159,부산,29.6,,2.6,69.3
2025,2025-07-25,,2025-07-25,금,평일,7,30,두산,LG,잠실,서울_잠실,20007,108,서울,31.1,,1.9,64.6
2025,2025-07-25,,2025-07-25,금,평일,7,30,한화,SSG,대전,대전,17000,133,대전,30.4,,1.6,68.0
2025,2025-07-25,,2025-07-25,금,평일,7,30,KT,삼성,수원,경기_수원,18700,119,수원,29.7,,1.2,70.8
2025,2025-07-25,,2025-07-25,금,평일,7,30,NC,키움,창원,경남_창원,6171,155,창원,28.9,,2.1,71.5
2025,2025-07-26,,2025-07-26,토,주말,7,30,롯데,KIA,사직,부산,22669,159,부산,29.9,,2.7,69.9
2025,2025-07-26,,2025-07-26,토,주말,7,30,두산,LG,잠실,서울_잠실,23750,108,서울,32.3,,1.7,61.9
2025,2025-07-26,,2025-07-26,토,주말,7,30,한화,SSG,대전,대전,17000,133,대전,30.6,,2.1,66.8
2025,2025-07-26,,2025-07-26,토,주말,7,30,KT,삼성,수원,경기_수원,18700,119,수원,30.8,,1.7,66.4
2025,2025-07-26,,2025-07-26,토,주말,7,30,NC,키움,창원,경남_창원,10690,155,창원,29.8,,2.3,68.1
2025,2025-07-27,,2025-07-27,일,주말,7,30,롯데,KIA,사직,부산,22669,159,부산,29.9,,2.6,63.6
2025,2025-07-27,,2025-07-27,일,주말,7,30,두산,LG,잠실,서울_잠실,20780,108,서울,32.8,,2.0,62.4
2025,2025-07-27,,2025-07-27,일,주말,7,30,한화,SSG,대전,대전,17000,133,대전,31.6,,2.4,61.5
2025,2025-07-27,,2025-07-27,일,주말,7,30,KT,삼성,수원,경기_수원,18700,119,수원,30.7,,2.0,65.4
2025,2025-07-27,,2025-07-27,일,주말,7,30,NC,키움,창원,경남_창원,8115,155,창원,29.5,,2.3,66.3
2025,2025-07-29,,2025-07-29,화,평일,7,31,LG,KT,잠실,서울_잠실,17294,108,서울,32.0,,2.0,64.0
2025,2025-07-29,,2025-07-29,화,평일,7,31,롯데,NC,사직,부산,22669,159,부산,29.2,,2.3,68.8
2025,2025-07-29,,2025-07-29,화,평일,7,31,KIA,두산,광주,광주,14329,156,광주,29.8,,1.1,68.9
2025,2025-07-29,,2025-07-29,화,평일,7,31,한화,삼성,대전,대전,17000,133,대전,31.2,,1.5,62.6
2025,2025-07-29,,2025-07-29,화,평일,7,31,SSG,키움,문학,인천,10177,112,인천,30.1,,1.9,71.8
2025,2025-07-30,,2025-07-30,수,평일,7,31,LG,KT,잠실,서울_잠실,17782,108,서울,32.1,,1.7,62.9
2025,2025-07-30,,2025-07-30,수,평일,7,31,롯데,NC,사직,부산,22669,159,부산,29.1,,2.5,66.3
2025,2025-07-30,,2025-07-30,수,평일,7,31,KIA,두산,광주,광주,15391,156,광주,29.1,,1.7,67.3
2025,2025-07-30,,2025-07-30,수,평일,7,31,한화,삼성,대전,대전,17000,133,대전,30.9,,2.0,59.6
2025,2025-07-30,,2025-07-30,수,평일,7,31,SSG,키움,문학,인천,10514,112,인천,30.0,,1.8,77.1
2025,2025-07-31,,2025-07-31,목,평일,7,31,LG,KT,잠실,서울_잠실,17630,108,서울,30.9,,2.0,62.3
2025,2025-07-31,,2025-07-31,목,평일,7,31,롯데,NC,사직,부산,22669,159,부산,29.3,,2.6,70.5
2025,2025-07-31,,2025-07-31,목,평일,7,31,KIA,두산,광주,광주,15584,156,광주,29.8,,1.5,64.6
2025,2025-07-31,,2025-07-31,목,평일,7,31,한화,삼성,대전,대전,17000,133,대전,29.9,,1.5,61.9
2025,2025-07-31,,2025-07-31,목,평일,7,31,SSG,키움,문학,인천,10917,112,인천,29.6,,2.3,70.0
2025,2025-08-01,,2025-08-01,금,평일,8,31,KIA,한화,광주,광주,20500,156,광주,29.8,,0.9,67.1
2025,2025-08-01,,2025-08-01,금,평일,8,31,NC,KT,창원,경남_창원,7590,155,창원,28.7,,1.8,76.9
2025,2025-08-01,,2025-08-01,금,평일,8,31,삼성,LG,대구,대구,24000,143,대구,30.4,,1.4,59.4
2025,2025-08-01,,2025-08-01,금,평일,8,31,키움,롯데,고척,서울_고척,16000,108,서울,31.0,,1.9,66.9
2025,2025-08-01,,2025-08-01,금,평일,8,31,두산,SSG,잠실,서울_잠실,15073,108,서울,31.0,,1.9,66.9
2025,2025-08-02,,2025-08-02,토,주말,8,31,NC,KT,창원,경남_창원,9940,155,창원,29.5,,1.5,80.1
2025,2025-08-02,,2025-08-02,토,주말,8,31,삼성,LG,대구,대구,24000,143,대구,30.9,,1.5,63.3
2025,2025-08-02,,2025-08-02,토,주말,8,31,키움,롯데,고척,서울_고척,16000,108,서울,31.2,,1.8,62.1
2025,2025-08-02,,2025-08-02,토,주말,8,31,두산,SSG,잠실,서울_잠실,17278,108,서울,31.2,,1.8,62.1
2025,2025-08-03,,2025-08-03,일,주말,8,31,NC,KT,창원,경남_창원,7561,155,창원,28.7,22.3,1.8,80.9
2025,2025-08-03,,2025-08-03,일,주말,8,31,삼성,LG,대구,대구,24000,143,대구,28.9,24.5,1.4,75.3
2025,2025-08-03,,2025-08-03,일,주말,8,31,키움,롯데,고척,서울_고척,16000,108,서울,28.8,1.3,2.0,69.0
2025,2025-08-03,,2025-08-03,일,주말,8,31,두산,SSG,잠실,서울_잠실,14422,108,서울,28.8,1.3,2.0,69.0
2025,2025-08-05,,2025-08-05,화,평일,8,32,롯데,KIA,사직,부산,22669,159,부산,28.6,4.9,5.2,83.4
2025,2025-08-05,,2025-08-05,화,평일,8,32,한화,KT,대전,대전,16783,133,대전,29.3,,1.9,71.0
2025,2025-08-05,,2025-08-05,화,평일,8,32,LG,두산,잠실,서울_잠실,20239,108,서울,29.1,,2.2,67.4
2025,2025-08-05,,2025-08-05,화,평일,8,32,SSG,삼성,문학,인천,13850,112,인천,27.3,,2.5,81.3
2025,2025-08-05,,2025-08-05,화,평일,8,32,NC,키움,창원,경남_창원,6661,155,창원,28.7,7.8,1.8,86.4
2025,2025-08-06,,2025-08-06,수,평일,8,32,롯데,KIA,사직,부산,20944,159,부산,28.5,2.4,6.1,81.8
2025,2025-08-06,,2025-08-06,수,평일,8,32,한화,KT,대전,대전,13919,133,대전,28.0,1.9,2.1,84.3
2025,2025-08-06,,2025-08-06,수,평일,8,32,LG,두산,잠실,서울_잠실,20427,108,서울,27.1,22.0,3.2,89.0
2025,2025-08-06,,2025-08-06,수,평일,8,32,SSG,삼성,문학,인천,12003,112,인천,26.7,7.3,3.3,93.3
2025,2025-08-06,,2025-08-06,수,평일,8,32,NC,키움,창원,경남_창원,5776,155,창원,28.7,2.0,1.4,84.1
2025,2025-08-07,,2025-08-07,목,평일,8,32,롯데,KIA,사직,부산,22104,159,부산,29.5,,3.4,74.5
2025,2025-08-07,,2025-08-07,목,평일,8,32,한화,KT,대전,대전,17000,133,대전,27.5,,1.9,74.5
2025,2025-08-07,,2025-08-07,목,평일,8,32,LG,두산,잠실,서울_잠실,21392,108,서울,28.2,,2.7,70.8
2025,2025-08-07,,2025-08-07,목,평일,8,32,SSG,삼성,문학,인천,15174,112,인천,27.3,,2.5,80.8
2025,2025-08-07,,2025-08-07,목,평일,8,32,NC,키움,창원,경남_창원,5893,155,창원,29.6,,1.1,69.5
2025,2025-08-08,,2025-08-08,금,평일,8,32,LG,한화,잠실,서울_잠실,23750,108,서울,26.6,6.3,1.6,74.8
2025,2025-08-08,,2025-08-08,금,평일,8,32,NC,KIA,창원,경남_창원,12141,155,창원,27.1,,1.2,75.0
2025,2025-08-08,,2025-08-08,금,평일,8,32,키움,두산,고척,서울_고척,12841,108,서울,26.6,6.3,1.6,74.8
2025,2025-08-08,,2025-08-08,금,평일,8,32,롯데,SSG,사직,부산,20091,159,부산,27.4,,2.4,78.1
2025,2025-08-08,,2025-08-08,금,평일,8,32,KT,삼성,수원,경기_수원,18700,119,수원,25.9,,1.7,75.4
2025,2025-08-09,,2025-08-09,토,주말,8,32,LG,한화,잠실,서울_잠실,23750,108,서울,24.9,3.5,1.4,82.1
2025,2025-08-09,,2025-08-09,토,주말,8,32,키움,두산,고척,서울_고척,16000,108,서울,24.9,3.5,1.4,82.1
2025,2025-08-09,,2025-08-09,토,주말,8,32,KT,삼성,수원,경기_수원,18700,119,수원,24.7,0.4,1.4,75.6
2025,2025-08-10,,2025-08-10,일,주말,8,32,LG,한화,잠실,서울_잠실,23750,108,서울,27.3,,1.7,70.0
2025,2025-08-10,,2025-08-10,일,주말,8,32,NC,KIA,창원,경남_창원,10773,155,창원,23.7,39.6,1.2,92.9
2025,2025-08-10,,2025-08-10,일,주말,8,32,키움,두산,고척,서울_고척,15111,108,서울,27.3,,1.7,70.0
2025,2025-08-10,,2025-08-10,일,주말,8,32,롯데,SSG,사직,부산,22062,159,부산,23.5,39.3,1.6,86.9
2025,2025-08-10,,2025-08-10,일,주말,8,32,KT,삼성,수원,경기_수원,18700,119,수원,25.9,,1.6,72.9
2025,2025-08-12,,2025-08-12,화,평일,8,33,삼성,KIA,대구,대구,22522,143,대구,22.8,5.9,1.6,90.5
2025,2025-08-12,,2025-08-12,화,평일,8,33,KT,LG,수원,경기_수원,14407,119,수원,26.9,,2.4,69.9
2025,2025-08-12,,2025-08-12,화,평일,8,33,한화,롯데,대전,대전,17000,133,대전,24.3,0.2,2.1,82.8
2025,2025-08-12,,2025-08-12,화,평일,8,33,두산,NC,잠실,서울_잠실,11590,108,서울,28.6,,2.2,62.9
2025,2025-08-12,,2025-08-12,화,평일,8,33,SSG,키움,문학,인천,10091,112,인천,27.7,,2.1,68.9
2025,2025-08-13,,2025-08-13,수,평일,8,33,삼성,KIA,대구,대구,24000,143,대구,27.5,,0.9,78.4
2025,2025-08-13,,2025-08-13,수,평일,8,33,한화,롯데,대전,대전,17000,133,대전,26.8,5.4,1.4,86.0
2025,2025-08-14,,2025-08-14,목,평일,8,33,삼성,KIA,대구,대구,24000,143,대구,29.8,,1.5,66.8
2025,2025-08-14,,2025-08-14,목,평일,8,33,한화,롯데,대전,대전,17000,133,대전,28.5,,2.1,74.5
2025,2025-08-14,,2025-08-14,목,평일,8,33,두산,NC,잠실,서울_잠실,10938,108,서울,25.5,47.8,2.2,91.1
2025,2025-08-14,,2025-08-14,목,평일,8,33,SSG,키움,문학,인천,9461,112,인천,24.5,31.0,2.6,98.5
2025,2025-08-15,,2025-08-15,금,평일,8,33,NC,한화,창원,경남_창원,17983,155,창원,29.1,,1.4,78.5
2025,2025-08-15,,2025-08-15,금,평일,8,33,두산,KIA,잠실,서울_잠실,23750,108,서울,27.1,,1.7,84.3
2025,2025-08-15,,2025-08-15,금,평일,8,33,키움,KT,고척,서울_고척,11585,108,서울,27.1,,1.7,84.3
2025,2025-08-15,,2025-08-15,금,평일,8,33,SSG,LG,문학,인천,23000,112,인천,25.6,60.7,1.5,95.9
2025,2025-08-15,,2025-08-15,금,평일,8,33,롯데,삼성,사직,부산,22669,159,부산,29.5,,2.4,71.9
2025,2025-08-16,,2025-08-16,토,주말,8,33,NC,한화,창원,경남_창원,17983,155,창원,29.1,,1.6,79.4
2025,2025-08-16,,2025-08-16,토,주말,8,33,두산,KIA,잠실,서울_잠실,23750,108,서울,28.2,,2.2,76.0
2025,2025-08-16,,2025-08-16,토,주말,8,33,키움,KT,고척,서울_고척,10163,108,서울,28.2,,2.2,76.0
2025,2025-08-16,,2025-08-16,토,주말,8,33,SSG,LG,문학,인천,23000,112,인천,27.2,,2.4,90.0
2025,2025-08-16,,2025-08-16,토,주말,8,33,롯데,삼성,사직,부산,22669,159,부산,29.4,,2.5,72.3
2025,2025-08-17,,2025-08-17,일,주말,8,33,NC,한화,창원,경남_창원,12179,155,창원,28.9,,1.1,76.4
2025,2025-08-17,,2025-08-17,일,주말,8,33,두산,KIA,잠실,서울_잠실,23750,108,서울,28.4,,2.3,76.3
2025,2025-08-17,,2025-08-17,일,주말,8,33,키움,KT,고척,서울_고척,8838,108,서울,28.4,,2.3,76.3
2025,2025-08-17,,2025-08-17,일,주말,8,33,SSG,LG,문학,인천,23000,112,인천,27.3,,2.4,88.6
2025,2025-08-17,,2025-08-17,일,주말,8,33,롯데,삼성,사직,부산,22669,159,부산,29.1,,3.4,74.3
2025,2025-08-19,,2025-08-19,화,평일,8,34,LG,롯데,잠실,서울_잠실,23750,108,서울,29.1,,3.0,75.3
2025,2025-08-19,,2025-08-19,화,평일,8,34,한화,두산,대전,대전,16580,133,대전,29.0,,2.1,73.0
2025,2025-08-19,,2025-08-19,화,평일,8,34,KT,SSG,수원,경기_수원,8853,119,수원,28.2,3.9,2.1,79.4
2025,2025-08-19,,2025-08-19,화,평일,8,34,NC,삼성,창원,경남_창원,8343,155,창원,28.9,,1.8,77.0
2025,2025-08-19,,2025-08-19,화,평일,8,34,KIA,키움,광주,광주,11023,156,광주,29.0,,1.5,74.8
2025,2025-08-20,,2025-08-20,수,평일,8,34,LG,롯데,잠실,서울_잠실,23750,108,서울,29.4,,2.6,74.5
2025,2025-08-20,,2025-08-20,수,평일,8,34,한화,두산,대전,대전,16054,133,대전,29.5,,1.7,70.9
2025,2025-08-20,,2025-08-20,수,평일,8,34,KT,SSG,수원,경기_수원,9062,119,수원,28.2,,2.0,77.9
2025,2025-08-20,,2025-08-20,수,평일,8,34,NC,삼성,창원,경남_창원,9430,155,창원,28.4,,1.8,79.8
2025,2025-08-20,,2025-08-20,수,평일,8,34,KIA,키움,광주,광주,10503,156,광주,28.7,,1.4,75.1
2025,2025-08-21,,2025-08-21,목,평일,8,34,LG,롯데,잠실,서울_잠실,23750,108,서울,29.8,,2.2,70.6
2025,2025-08-21,,2025-08-21,목,평일,8,34,한화,두산,대전,대전,16369,133,대전,29.9,,1.3,70.3
2025,2025-08-21,,2025-08-21,목,평일,8,34,KT,SSG,수원,경기_수원,9912,119,수원,28.7,,1.7,75.6
2025,2025-08-21,,2025-08-21,목,평일,8,34,NC,삼성,창원,경남_창원,9832,155,창원,29.0,,1.4,76.9
2025,2025-08-21,,2025-08-21,목,평일,8,34,KIA,키움,광주,광주,10061,156,광주,29.3,,1.0,73.1
2025,2025-08-22,,2025-08-22,금,평일,8,34,두산,KT,잠실,서울_잠실,16397,108,서울,29.4,,2.1,71.5
2025,2025-08-22,,2025-08-22,금,평일,8,34,KIA,LG,광주,광주,14633,156,광주,29.2,,1.0,72.5
2025,2025-08-22,,2025-08-22,금,평일,8,34,NC,롯데,창원,경남_창원,17983,155,창원,29.3,,1.4,79.0
2025,2025-08-22,,2025-08-22,금,평일,8,34,한화,SSG,대전,대전,16446,133,대전,29.8,,1.2,70.1
2025,2025-08-22,,2025-08-22,금,평일,8,34,삼성,키움,대구,대구,24000,143,대구,30.0,,1.3,67.9
2025,2025-08-23,,2025-08-23,토,주말,8,34,두산,KT,잠실,서울_잠실,21834,108,서울,29.3,,1.9,74.9
2025,2025-08-23,,2025-08-23,토,주말,8,34,KIA,LG,광주,광주,20500,156,광주,29.2,,1.0,73.4
2025,2025-08-23,,2025-08-23,토,주말,8,34,NC,롯데,창원,경남_창원,17983,155,창원,29.3,,1.5,77.9
2025,2025-08-23,,2025-08-23,토,주말,8,34,한화,SSG,대전,대전,17000,133,대전,29.2,,1.1,73.1
2025,2025-08-23,,2025-08-23,토,주말,8,34,삼성,키움,대구,대구,24000,143,대구,30.8,,1.3,60.0
2025,2025-08-24,,2025-08-24,일,주말,8,34,두산,KT,잠실,서울_잠실,17905,108,서울,30.2,,1.7,69.4
2025,2025-08-24,,2025-08-24,일,주말,8,34,KIA,LG,광주,광주,15128,156,광주,29.3,,1.3,76.5
2025,2025-08-24,,2025-08-24,일,주말,8,34,NC,롯데,창원,경남_창원,17983,155,창원,29.3,,1.4,80.1
2025,2025-08-24,,2025-08-24,일,주말,8,34,한화,SSG,대전,대전,17000,133,대전,30.6,,1.6,65.3
2025,2025-08-24,,2025-08-24,일,주말,8,34,삼성,키움,대구,대구,24000,143,대구,31.0,,0.9,63.3
2025,2025-08-26,,2025-08-26,화,평일,8,35,키움,한화,고척,서울_고척,16000,108,서울,27.6,5.4,2.8,81.8
2025,2025-08-26,,2025-08-26,화,평일,8,35,SSG,KIA,문학,인천,17488,112,인천,26.9,10.0,3.0,86.6
2025,2025-08-26,,2025-08-26,화,평일,8,35,롯데,KT,사직,부산,16116,159,부산,29.0,,4.2,75.9
2025,2025-08-26,,2025-08-26,화,평일,8,35,NC,LG,창원,경남_창원,6496,155,창원,29.1,,1.7,78.0
2025,2025-08-26,,2025-08-26,화,평일,8,35,두산,삼성,잠실,서울_잠실,20491,108,서울,27.6,5.4,2.8,81.8
2025,2025-08-27,,2025-08-27,수,평일,8,35,키움,한화,고척,서울_고척,16000,108,서울,26.7,,1.6,73.8
2025,2025-08-27,,2025-08-27,수,평일,8,35,SSG,KIA,문학,인천,17688,112,인천,26.5,,1.8,77.3
2025,2025-08-27,,2025-08-27,수,평일,8,35,롯데,KT,사직,부산,16826,159,부산,28.7,,2.5,71.1
2025,2025-08-27,,2025-08-27,수,평일,8,35,NC,LG,창원,경남_창원,8337,155,창원,27.7,,1.8,75.0
2025,2025-08-27,,2025-08-27,수,평일,8,35,두산,삼성,잠실,서울_잠실,21198,108,서울,26.7,,1.6,73.8
2025,2025-08-28,,2025-08-28,목,평일,8,35,키움,한화,고척,서울_고척,16000,108,서울,28.3,,2.7,72.9
2025,2025-08-28,,2025-08-28,목,평일,8,35,SSG,KIA,문학,인천,17833,112,인천,27.6,,2.8,78.9
2025,2025-08-28,,2025-08-28,목,평일,8,35,롯데,KT,사직,부산,17273,159,부산,28.6,,2.4,74.9
2025,2025-08-28,,2025-08-28,목,평일,8,35,NC,LG,창원,경남_창원,9528,155,창원,27.8,,1.4,77.3
2025,2025-08-28,,2025-08-28,목,평일,8,35,두산,삼성,잠실,서울_잠실,23126,108,서울,28.3,,2.7,72.9
2025,2025-08-29,,2025-08-29,금,평일,8,35,KT,KIA,수원,경기_수원,18700,119,수원,28.5,,2.6,81.0
2025,2025-08-29,,2025-08-29,금,평일,8,35,SSG,NC,문학,인천,11509,112,인천,28.4,2.3,3.8,89.5
2025,2025-08-29,,2025-08-29,금,평일,8,35,롯데,두산,사직,부산,19473,159,부산,29.3,,3.6,72.8
2025,2025-08-29,,2025-08-29,금,평일,8,35,한화,삼성,대전,대전,17000,133,대전,29.3,,2.1,74.4
2025,2025-08-29,,2025-08-29,금,평일,8,35,LG,키움,잠실,서울_잠실,22231,108,서울,29.0,32.2,3.5,82.0
2025,2025-08-30,,2025-08-30,토,주말,8,35,KT,KIA,수원,경기_수원,18700,119,수원,28.4,0.9,1.9,79.9
2025,2025-08-30,,2025-08-30,토,주말,8,35,SSG,NC,문학,인천,20449,112,인천,28.2,0.8,2.6,86.4
2025,2025-08-30,,2025-08-30,토,주말,8,35,롯데,두산,사직,부산,22669,159,부산,29.7,,3.3,70.1
2025,2025-08-30,,2025-08-30,토,주말,8,35,한화,삼성,대전,대전,17000,133,대전,29.4,,1.7,72.0
2025,2025-08-30,,2025-08-30,토,주말,8,35,LG,키움,잠실,서울_잠실,23750,108,서울,28.4,23.9,2.0,81.1
2025,2025-08-31,,2025-08-31,일,주말,8,35,KT,KIA,수원,경기_수원,18700,119,수원,27.5,1.5,1.9,80.1
2025,2025-08-31,,2025-08-31,일,주말,8,35,SSG,NC,문학,인천,13129,112,인천,28.0,,2.6,82.9
2025,2025-08-31,,2025-08-31,일,주말,8,35,롯데,두산,사직,부산,20350,159,부산,28.2,0.9,2.7,80.6
2025,2025-08-31,,2025-08-31,일,주말,8,35,한화,삼성,대전,대전,17000,133,대전,27.9,,1.6,76.9
2025,2025-08-31,,2025-08-31,일,주말,8,35,LG,키움,잠실,서울_잠실,22503,108,서울,28.5,,2.4,75.3
2025,2025-09-02,,2025-09-02,화,평일,9,36,한화,KIA,대전,대전,16730,133,대전,25.4,0.1,1.1,79.5
2025,2025-09-02,,2025-09-02,화,평일,9,36,LG,롯데,잠실,서울_잠실,23750,108,서울,26.0,,1.6,74.6
2025,2025-09-02,,2025-09-02,화,평일,9,36,KT,NC,수원,경기_수원,6710,119,수원,25.4,,1.4,75.1
2025,2025-09-02,,2025-09-02,화,평일,9,36,SSG,키움,문학,인천,11112,112,인천,25.7,,1.8,80.4
2025,2025-09-03,,2025-09-03,수,평일,9,36,KT,롯데,수원,경기_수원,14910,119,수원,26.8,0.1,1.5,72.8
2025,2025-09-03,,2025-09-03,수,평일,9,36,한화,NC,대전,대전,17000,133,대전,26.0,8.8,1.5,79.4
2025,2025-09-03,,2025-09-03,수,평일,9,36,KIA,SSG,광주,광주,14468,156,광주,26.0,,0.8,80.6
2025,2025-09-03,,2025-09-03,수,평일,9,36,삼성,키움,대구,대구,22446,143,대구,27.0,,2.5,71.4
2025,2025-09-04,,2025-09-04,목,평일,9,36,KT,LG,수원,경기_수원,12424,119,수원,25.8,5.2,1.8,80.6
2025,2025-09-04,,2025-09-04,목,평일,9,36,NC,두산,창원,경남_창원,5335,155,창원,27.7,,1.5,78.5
2025,2025-09-05,,2025-09-05,금,평일,9,36,SSG,롯데,문학,인천,21529,112,인천,27.8,,2.4,74.0
2025,2025-09-05,,2025-09-05,금,평일,9,36,NC,두산,창원,경남_창원,6590,155,창원,27.4,,1.9,77.4
2025,2025-09-05,,2025-09-05,금,평일,9,36,삼성,키움,대구,대구,24000,143,대구,27.4,12.6,1.5,71.6
2025,2025-09-06,,2025-09-06,토,주말,9,36,삼성,한화,대구,대구,24000,143,대구,28.4,,1.5,70.3
2025,2025-09-06,,2025-09-06,토,주말,9,36,NC,KIA,창원,경남_창원,15040,155,창원,27.6,,1.6,83.4
2025,2025-09-07,,2025-09-07,일,주말,9,36,삼성,한화,대구,대구,24000,143,대구,26.7,5.5,1.6,81.6
2025,2025-09-07,,2025-09-07,일,주말,9,36,NC,KIA,창원,경남_창원,11095,155,창원,27.6,1.8,1.2,85.5
2025,2025-09-07,,2025-09-07,일,주말,9,36,LG,SSG,잠실,서울_잠실,23750,108,서울,25.3,0.2,2.1,77.5
2025,2025-09-09,,2025-09-09,화,평일,9,37,롯데,한화,사직,부산,18109,159,부산,23.8,2.2,2.2,79.0
2025,2025-09-09,,2025-09-09,화,평일,9,37,키움,LG,고척,서울_고척,14773,108,서울,23.7,,1.6,71.9
2025,2025-09-09,,2025-09-09,화,평일,9,37,KT,두산,수원,경기_수원,12252,119,수원,22.9,0.3,1.1,80.1
2025,2025-09-10,,2025-09-10,수,평일,9,37,롯데,한화,사직,부산,22011,159,부산,24.9,,2.6,73.6
2025,2025-09-10,,2025-09-10,수,평일,9,37,두산,LG,잠실,서울_잠실,17856,108,서울,24.8,,1.7,61.1
2025,2025-09-10,,2025-09-10,수,평일,9,37,NC,SSG,창원,경남_창원,4514,155,창원,23.5,,1.5,83.4
2025,2025-09-10,,2025-09-10,수,평일,9,37,KIA,삼성,광주,광주,9793,156,광주,24.0,4.7,1.2,82.3
2025,2025-09-11,,2025-09-11,목,평일,9,37,LG,KT,잠실,서울_잠실,20722,108,서울,25.8,,2.5,57.6
2025,2025-09-11,,2025-09-11,목,평일,9,37,KIA,롯데,광주,광주,9614,156,광주,24.9,,1.4,75.1
2025,2025-09-11,,2025-09-11,목,평일,9,37,키움,NC,고척,서울_고척,7035,108,서울,25.8,,2.5,57.6
2025,2025-09-11,,2025-09-11,목,평일,9,37,삼성,SSG,대구,대구,24000,143,대구,23.2,,1.9,73.9
2025,2025-09-12,,2025-09-12,금,평일,9,37,KIA,두산,광주,광주,9617,156,광주,24.4,0.1,2.2,80.9
2025,2025-09-13,,2025-09-13,토,주말,9,37,LG,KIA,잠실,서울_잠실,23750,108,서울,23.3,63.7,2.4,81.0
2025,2025-09-13,,2025-09-13,토,주말,9,37,삼성,KT,대구,대구,24000,143,대구,25.0,10.0,2.4,82.4
2025,2025-09-13,,2025-09-13,토,주말,9,37,NC,두산,창원,경남_창원,12658,155,창원,26.5,6.3,2.0,89.9
2025,2025-09-13,,2025-09-13,토,주말,9,37,롯데,SSG,사직,부산,22669,159,부산,25.9,28.7,4.2,86.0
2025,2025-09-13,,2025-09-13,토,주말,9,37,한화,키움,대전,대전,17000,133,대전,25.1,20.1,1.6,83.0
2025,2025-09-14,,2025-09-14,일,주말,9,37,LG,KIA,잠실,서울_잠실,23750,108,서울,24.8,,1.6,72.0
2025,2025-09-14,,2025-09-14,일,주말,9,37,삼성,KT,대구,대구,24000,143,대구,24.0,1.7,1.8,78.4
2025,2025-09-14,,2025-09-14,일,주말,9,37,NC,두산,창원,경남_창원,11711,155,창원,25.7,,1.8,82.8
2025,2025-09-14,,2025-09-14,일,주말,9,37,한화,키움,대전,대전,17000,133,대전,25.3,,1.2,78.4
2025,2025-09-15,,2025-09-15,월,평일,9,38,한화,키움,대전,대전,17000,133,대전,25.3,,0.7,81.0
2025,2025-09-16,,2025-09-16,화,평일,9,38,KIA,한화,광주,광주,9197,156,광주,27.2,0.3,1.4,81.3
2025,2025-09-16,,2025-09-16,화,평일,9,38,KT,LG,수원,경기_수원,11481,119,수원,23.3,35.0,1.3,90.5
2025,2025-09-16,,2025-09-16,화,평일,9,38,삼성,롯데,대구,대구,24000,143,대구,27.5,,1.1,74.9
2025,2025-09-16,,2025-09-16,화,평일,9,38,NC,SSG,창원,경남_창원,5145,155,창원,27.1,,1.6,85.0
2025,2025-09-16,,2025-09-16,화,평일,9,38,두산,키움,잠실,서울_잠실,12716,108,서울,23.7,17.5,1.5,86.8
2025,2025-09-17,,2025-09-17,수,평일,9,38,KIA,한화,광주,광주,6782,156,광주,25.6,6.9,1.6,84.6
2025,2025-09-17,,2025-09-17,수,평일,9,38,NC,SSG,창원,경남_창원,5083,155,창원,26.7,7.8,1.4,86.1
2025,2025-09-17,,2025-09-17,수,평일,9,38,두산,키움,잠실,서울_잠실,10037,108,서울,22.7,52.7,1.7,92.0
2025,2025-09-18,,2025-09-18,목,평일,9,38,KIA,한화,광주,광주,10841,156,광주,23.8,,1.0,77.3
2025,2025-09-18,,2025-09-18,목,평일,9,38,KT,LG,수원,경기_수원,7016,119,수원,21.9,,2.4,76.3
2025,2025-09-18,,2025-09-18,목,평일,9,38,KT,LG,수원,경기_수원,14875,119,수원,21.9,,2.4,76.3
2025,2025-09-18,,2025-09-18,목,평일,9,38,NC,삼성,창원,경남_창원,12039,155,창원,23.6,,1.9,74.8
2025,2025-09-18,,2025-09-18,목,평일,9,38,두산,키움,잠실,서울_잠실,13498,108,서울,22.1,,2.6,74.4
2025,2025-09-19,,2025-09-19,금,평일,9,38,NC,롯데,창원,경남_창원,17983,155,창원,22.6,,1.4,71.8
2025,2025-09-20,,2025-09-20,토,주말,9,38,KT,한화,수원,경기_수원,18700,119,수원,19.7,72.3,1.7,83.9
2025,2025-09-20,,2025-09-20,토,주말,9,38,KIA,NC,광주,광주,17739,156,광주,22.5,9.3,1.8,82.1
2025,2025-09-20,,2025-09-20,토,주말,9,38,SSG,두산,문학,인천,23000,112,인천,19.5,30.5,2.5,89.8
2025,2025-09-20,,2025-09-20,토,주말,9,38,LG,삼성,잠실,서울_잠실,23750,108,서울,20.0,35.3,1.8,85.4
2025,2025-09-20,,2025-09-20,토,주말,9,38,롯데,키움,사직,부산,22669,159,부산,25.1,7.2,3.2,74.5
2025,2025-09-21,,2025-09-21,일,주말,9,38,KIA,NC,광주,광주,13805,156,광주,22.2,,1.2,73.1
2025,2025-09-21,,2025-09-21,일,주말,9,38,SSG,두산,문학,인천,23000,112,인천,21.4,,2.4,68.8
2025,2025-09-21,,2025-09-21,일,주말,9,38,KT,삼성,수원,경기_수원,18700,119,수원,21.4,,1.6,66.5
2025,2025-09-22,,2025-09-22,월,평일,9,39,SSG,두산,문학,인천,13067,112,인천,21.7,,2.2,60.3
2025,2025-09-23,,2025-09-23,화,평일,9,39,SSG,KIA,문학,인천,19974,112,인천,23.0,,2.4,54.8
2025,2025-09-23,,2025-09-23,화,평일,9,39,롯데,NC,울산,울산,9690,152,울산,21.5,,2.5,66.9
2025,2025-09-23,,2025-09-23,화,평일,9,39,삼성,두산,대구,대구,23950,143,대구,21.2,,2.5,65.8
2025,2025-09-23,,2025-09-23,화,평일,9,39,KT,키움,수원,경기_수원,12632,119,수원,22.2,,2.8,55.4
2025,2025-09-24,,2025-09-24,수,평일,9,39,키움,KIA,고척,서울_고척,16000,108,서울,22.0,35.2,2.1,81.8
2025,2025-09-24,,2025-09-24,수,평일,9,39,NC,LG,창원,경남_창원,10764,155,창원,24.0,4.8,1.2,84.8
2025,2025-09-24,,2025-09-24,수,평일,9,39,삼성,롯데,대구,대구,23940,143,대구,23.9,,1.1,75.8
2025,2025-09-25,,2025-09-25,목,평일,9,39,두산,한화,잠실,서울_잠실,23750,108,서울,22.5,0.3,1.4,80.0
2025,2025-09-25,,2025-09-25,목,평일,9,39,SSG,KT,문학,인천,15279,112,인천,22.1,0.6,1.5,87.1
2025,2025-09-25,,2025-09-25,목,평일,9,39,롯데,LG,울산,울산,9315,152,울산,23.5,2.6,1.3,93.1
2025,2025-09-25,,2025-09-25,목,평일,9,39,삼성,키움,대구,대구,23089,143,대구,23.9,8.1,1.0,86.5
2025,2025-09-26,,2025-09-26,금,평일,9,39,SSG,KT,문학,인천,19087,112,인천,21.9,,1.9,82.5
2025,2025-09-26,,2025-09-26,금,평일,9,39,한화,LG,대전,대전,17000,133,대전,21.3,,0.9,83.5
2025,2025-09-26,,2025-09-26,금,평일,9,39,두산,NC,잠실,서울_잠실,18418,108,서울,21.7,,1.4,78.1
2025,2025-09-26,,2025-09-26,금,평일,9,39,롯데,삼성,사직,부산,22669,159,부산,24.8,,2.2,72.6
2025,2025-09-27,,2025-09-27,토,주말,9,39,한화,LG,대전,대전,17000,133,대전,23.1,,1.4,78.3
2025,2025-09-27,,2025-09-27,토,주말,9,39,KIA,NC,광주,광주,14945,156,광주,24.1,,1.3,75.8
2025,2025-09-27,,2025-09-27,토,주말,9,39,두산,SSG,잠실,서울_잠실,23750,108,서울,22.5,,1.9,71.1
2025,2025-09-28,,2025-09-28,일,주말,9,39,두산,롯데,잠실,서울_잠실,23750,108,서울,20.0,44.5,1.7,85.6
2025,2025-09-28,,2025-09-28,일,주말,9,39,키움,삼성,고척,서울_고척,16000,108,서울,20.0,44.5,1.7,85.6
2025,2025-09-29,,2025-09-29,월,평일,9,40,한화,LG,대전,대전,17000,133,대전,19.9,,0.9,80.0
2025,2025-09-29,,2025-09-29,월,평일,9,40,SSG,롯데,문학,인천,22184,112,인천,19.9,,1.6,77.1
2025,2025-09-29,,2025-09-29,월,평일,9,40,KIA,NC,광주,광주,3634,156,광주,20.7,,0.7,75.9
2025,2025-09-30,,2025-09-30,화,평일,9,40,삼성,KIA,대구,대구,23933,143,대구,20.6,,1.2,74.9
2025,2025-09-30,,2025-09-30,화,평일,9,40,NC,KT,창원,경남_창원,14235,155,창원,21.5,,1.3,79.3
2025,2025-09-30,,2025-09-30,화,평일,9,40,한화,롯데,대전,대전,17000,133,대전,19.3,,1.0,79.8
2025,2025-09-30,,2025-09-30,화,평일,9,40,LG,두산,잠실,서울_잠실,23750,108,서울,19.8,,1.4,81.3
2025,2025-09-30,,2025-09-30,화,평일,9,40,키움,SSG,고척,서울_고척,16000,108,서울,19.8,,1.4,81.3
2025,2025-10-01,,2025-10-01,수,평일,10,40,SSG,한화,문학,인천,23000,112,인천,20.4,3.2,1.9,83.5
2025,2025-10-01,,2025-10-01,수,평일,10,40,KIA,KT,광주,광주,6777,156,광주,20.9,,0.8,72.8
2025,2025-10-01,,2025-10-01,수,평일,10,40,LG,NC,잠실,서울_잠실,23750,108,서울,20.5,,1.7,78.1
2025,2025-10-02,,2025-10-02,목,평일,10,40,KIA,SSG,광주,광주,8043,156,광주,20.2,1.2,0.8,79.6
2025,2025-10-03,,2025-10-03,금,평일,10,40,KT,한화,수원,경기_수원,18700,119,수원,20.4,4.7,2.9,76.4
2025,2025-10-04,,2025-10-04,토,주말,10,40,NC,SSG,창원,경남_창원,17983,155,창원,22.2,1.4,1.2,90.8
2025,2025-10-04,,2025-10-04,토,주말,10,40,KIA,삼성,광주,광주,17513,156,광주,22.0,0.7,0.6,89.5
